N_BFS;N_CNC;Situacao_CNC;Data_Sincronizacao;Data_Fiscalizacao;Data_Execução;Fiscal;Regional;Area;Setor;Turno;Servico;Responsividade;Endereco;Coordenada;Fiscal_Contratada
10284;11231;Regularizado;03/11/2025 09:14:58;03/11/2025 09:14:50;03/11/2025 09:51:39;SELIMP - Claudio Rogério Ulhoa Cintra ;Santana/Tucuruvi;Santana/Tucuruvi;0;Manhã;Coleta e transporte de entulho e grandes objetos depositados irregularmente nas vias, logradouros  e áreas públicas;24;R. Adolfo Samuel, 14 - Parque Mandaqui, São Paulo - SP, 02418-100, Brasil;-23.46974875608595,-46.627836537228795;Maiarde de Freitas Nogueira
10293;11238;Regularizado;03/11/2025 09:21:03;03/11/2025 09:20:54;03/11/2025 11:33:11;SELIMP - Claudio Rogério Ulhoa Cintra ;Santana/Tucuruvi;Santana/Tucuruvi;0;Manhã;Varrição manual de vias e logradouros públicos;6;R. Cel. Antônio Agostinho Bezerra, 1 - Parque Mandaqui, São Paulo - SP, 02418-110, Brasil;-23.469931952119765,-46.627765329106595;Maiarde de Freitas Nogueira
10302;11245;Regularizado;03/11/2025 09:23:31;03/11/2025 09:23:25;03/11/2025 10:10:45;José de Arimatea de Souza Almeida;Santana/Tucuruvi;Santana/Tucuruvi;38;Manhã;Varrição manual de vias e logradouros públicos;6;R. Gaurama, 531 - Água Fria, São Paulo - SP, 02339-020, Brasil;-23.4788147,-46.6170801;Matheus Norberto Portela
10423;11327;Regularizado;03/11/2025 10:03:30;03/11/2025 10:03:24;03/11/2025 10:56:08;José de Arimatea de Souza Almeida;Santana/Tucuruvi;Santana/Tucuruvi;02;Manhã;Coleta e transporte de entulho e grandes objetos depositados irregularmente nas vias, logradouros  e áreas públicas;24;Praça Srg. Tranqüilino Santana, 1017 - Vila Aurora (Zona Norte), São Paulo - SP, 02408-070, Brasil;-23.4829136,-46.6300795;Maiarde de Freitas Nogueira
10442;11337;Regularizado;03/11/2025 10:09:25;03/11/2025 10:09:20;03/11/2025 11:07:46;José de Arimatea de Souza Almeida;Santana/Tucuruvi;Santana/Tucuruvi;02;Manhã;Coleta e transporte de entulho e grandes objetos depositados irregularmente nas vias, logradouros  e áreas públicas;24;R. Helena do Sacramento, 654 - Vila Guaca, São Paulo - SP, 02433-020, Brasil;-23.48314283161767,-46.635680977361396;Maiarde de Freitas Nogueira
10499;11369;Regularizado;03/11/2025 10:29:57;03/11/2025 10:29:49;03/11/2025 16:05:39;José de Arimatea de Souza Almeida;Santana/Tucuruvi;Santana/Tucuruvi;02;Manhã;Coleta e transporte de entulho e grandes objetos depositados irregularmente nas vias, logradouros  e áreas públicas;24;Rua Lacerda Marques, 613 - Lauzane Paulista, São Paulo - SP, 02441-200, Brasil;-23.4770462,-46.6428317;Adriano Terto dos Santos
10518;11382;Regularizado;03/11/2025 10:34:56;03/11/2025 10:34:51;03/11/2025 12:14:18;José de Arimatea de Souza Almeida;Santana/Tucuruvi;Santana/Tucuruvi;02;Manhã;Limpeza e desobstrução de bueiros, bocas de lobo e bocas de leão;6;R. Valorbe, 187 - Lauzane Paulista, São Paulo - SP, 02442-140, Brasil;-23.47474653703959,-46.6427642594875;Maiarde de Freitas Nogueira
10679;11470;Regularizado;03/11/2025 13:04:13;03/11/2025 13:04:06;03/11/2025 13:38:51;SELIMP - Claudio Rogério Ulhoa Cintra ;Santana/Tucuruvi;Santana/Tucuruvi;0;Tarde;Varrição manual de vias e logradouros públicos;6;Av. Nova Cantareira, 1347 - Água Fria, São Paulo - SP, 02331-002, Brasil;-23.48355474,-46.61389374;Leandro Correa
10703;11489;Regularizado;03/11/2025 13:37:12;03/11/2025 13:37:02;03/11/2025 15:13:21;SELIMP - Claudio Rogério Ulhoa Cintra ;Santana/Tucuruvi;Santana/Tucuruvi;0;Tarde;Coleta e transporte de entulho e grandes objetos depositados irregularmente nas vias, logradouros  e áreas públicas;24;R. Padre José Rebouças, 1062 - Vila Dom Pedro II, São Paulo - SP, 02241-170, Brasil;-23.489126402161105,-46.610253616611146;João Marques da Silva
10704;11490;Regularizado;03/11/2025 13:37:31;03/11/2025 13:37:22;03/11/2025 15:13:30;SELIMP - Claudio Rogério Ulhoa Cintra ;Santana/Tucuruvi;Santana/Tucuruvi;0;Tarde;Coleta e transporte de entulho e grandes objetos depositados irregularmente nas vias, logradouros  e áreas públicas;24;R. Cap. Siqueira Barbosa, 51 - Santana, São Paulo - SP, 02241-030, Brasil;-23.489105135920635,-46.6104370892651;João Marques da Silva
10759;11544;Regularizado;03/11/2025 14:25:30;03/11/2025 14:25:25;03/11/2025 18:53:35;José de Arimatea de Souza Almeida;Santana/Tucuruvi;Santana/Tucuruvi;02;Manhã;Coleta e transporte de entulho e grandes objetos depositados irregularmente nas vias, logradouros  e áreas públicas;24;Av. Guapira, 1470 - Tucuruvi, São Paulo - SP, 02265-002, Brasil;-23.474908913526633,-46.59082394838067;Adriano Terto dos Santos
10835;11603;Regularizado;03/11/2025 15:14:40;03/11/2025 15:14:32;03/11/2025 17:55:14;José de Arimatea de Souza Almeida;Santana/Tucuruvi;Santana/Tucuruvi;02;Tarde;Coleta e transporte de entulho e grandes objetos depositados irregularmente nas vias, logradouros  e áreas públicas;24;R. Profa. Anésia Sincorá, 245 - Lauzane Paulista, São Paulo - SP, 02443-100, Brasil;-23.4738164,-46.6489259;Adriano Terto dos Santos
10869;11625;Regularizado;03/11/2025 18:05:37;03/11/2025 18:05:30;04/11/2025 00:31:44;SELIMP - Claudio Rogério Ulhoa Cintra ;Santana/Tucuruvi;Santana/Tucuruvi;0;Tarde;Coleta e transporte de entulho e grandes objetos depositados irregularmente nas vias, logradouros  e áreas públicas;24;R. João de Laet, 320 - Vila Aurora (Zona Norte), São Paulo - SP, 02410-010, Brasil;-23.47616861191725,-46.62532747580045;Valdir Ribeiro Nunes
10870;11626;Regularizado;03/11/2025 18:05:48;03/11/2025 18:05:40;04/11/2025 00:07:13;SELIMP - Claudio Rogério Ulhoa Cintra ;Santana/Tucuruvi;Santana/Tucuruvi;0;Tarde;Coleta e transporte de entulho e grandes objetos depositados irregularmente nas vias, logradouros  e áreas públicas;24;R. João de Laet, 280 - Vila Aurora (Zona Norte), São Paulo - SP, 02410-010, Brasil;-23.47663348,-46.62532718;Valdir Ribeiro Nunes
10871;11627;Regularizado;03/11/2025 18:06:03;03/11/2025 18:05:52;03/11/2025 23:58:46;SELIMP - Claudio Rogério Ulhoa Cintra ;Santana/Tucuruvi;Santana/Tucuruvi;0;Tarde;Coleta e transporte de entulho e grandes objetos depositados irregularmente nas vias, logradouros  e áreas públicas;24;R. João de Laet, 326 - Vila Aurora (Zona Norte), São Paulo - SP, 02410-010, Brasil;-23.47619568,-46.62517028;Valdir Ribeiro Nunes
10872;11628;Regularizado;03/11/2025 18:06:14;03/11/2025 18:06:06;04/11/2025 00:43:26;SELIMP - Claudio Rogério Ulhoa Cintra ;Santana/Tucuruvi;Santana/Tucuruvi;0;Tarde;Coleta e transporte de entulho e grandes objetos depositados irregularmente nas vias, logradouros  e áreas públicas;24;R. João de Laet, 181b - Vila Aurora (Zona Norte), São Paulo - SP, 02410-010, Brasil;-23.47742575,-46.62560887;Valdir Ribeiro Nunes
10873;11629;Regularizado;03/11/2025 18:06:45;03/11/2025 18:06:16;04/11/2025 00:46:40;SELIMP - Claudio Rogério Ulhoa Cintra ;Santana/Tucuruvi;Santana/Tucuruvi;0;Tarde;Coleta e transporte de entulho e grandes objetos depositados irregularmente nas vias, logradouros  e áreas públicas;24;R. João de Laet, 155 - Vila Aurora (Zona Norte), São Paulo - SP, 02410-010, Brasil;-23.4775823,-46.62564717;Valdir Ribeiro Nunes
10874;11630;Regularizado;03/11/2025 19:13:16;03/11/2025 19:13:10;04/11/2025 01:06:30;SELIMP - Claudio Rogério Ulhoa Cintra ;Santana/Tucuruvi;Santana/Tucuruvi;0;Tarde;Coleta e transporte de entulho e grandes objetos depositados irregularmente nas vias, logradouros  e áreas públicas;24;Av. Daniel Malettini, 763 - Vila Aurora (Zona Norte), São Paulo - SP, 02411-000, Brasil;-23.47356879,-46.62536091;Valdir Ribeiro Nunes
10875;11631;Regularizado;03/11/2025 19:13:29;03/11/2025 19:13:23;04/11/2025 00:56:02;SELIMP - Claudio Rogério Ulhoa Cintra ;Santana/Tucuruvi;Santana/Tucuruvi;0;Noite;Coleta e transporte de entulho e grandes objetos depositados irregularmente nas vias, logradouros  e áreas públicas;24;R. Donato Luongo, 398 - Vila Vitorio Mazzei, São Paulo - SP, 02409-030, Brasil;-23.478958858519256,-46.62573659457135;Valdir Ribeiro Nunes
10878;11634;Regularizado;03/11/2025 19:30:30;03/11/2025 19:30:25;04/11/2025 01:48:56;SELIMP - Claudio Rogério Ulhoa Cintra ;Santana/Tucuruvi;Santana/Tucuruvi;0;Noite;Coleta e transporte de entulho e grandes objetos depositados irregularmente nas vias, logradouros  e áreas públicas;24;R. Cruz de Malta, 965 - Parada Inglesa, São Paulo - SP, 02248-001, Brasil;-23.48336807,-46.59984532;Valdir Ribeiro Nunes
10880;11636;Regularizado;03/11/2025 19:37:48;03/11/2025 19:37:33;03/11/2025 21:50:38;SELIMP - Claudio Rogério Ulhoa Cintra ;Santana/Tucuruvi;Santana/Tucuruvi;0;Noite;Coleta e transporte de entulho e grandes objetos depositados irregularmente nas vias, logradouros  e áreas públicas;24;R. do Amiúte, 1 - Vila Gustavo, São Paulo - SP, 02250-180, Brasil;-23.48570795961477,-46.599549778375604;Adriano Terto dos Santos
10881;11637;Regularizado;03/11/2025 19:41:11;03/11/2025 19:41:06;03/11/2025 21:39:37;SELIMP - Claudio Rogério Ulhoa Cintra ;Santana/Tucuruvi;Santana/Tucuruvi;0;Noite;Equipe de Mutirão de Zeladoria de Vias e Logradouros Públicos;12;R. William Harding, 3 - Vila Gustavo, São Paulo - SP, 02267-010, Brasil;-23.47813966,-46.60172621;Adriano Terto dos Santos
10882;11638;Regularizado;03/11/2025 19:41:21;03/11/2025 19:41:15;04/11/2025 08:18:27;SELIMP - Claudio Rogério Ulhoa Cintra ;Santana/Tucuruvi;Santana/Tucuruvi;0;Noite;Coleta e transporte de entulho e grandes objetos depositados irregularmente nas vias, logradouros  e áreas públicas;24;R. Ausônia, 163 - Vila Mazzei, São Paulo - SP, 02308-050, Brasil;-23.47699599011581,-46.60617628963558;Maiarde de Freitas Nogueira
10885;11642;Regularizado;03/11/2025 19:51:58;03/11/2025 19:51:51;03/11/2025 21:58:09;SELIMP - Claudio Rogério Ulhoa Cintra ;Santana/Tucuruvi;Santana/Tucuruvi;0;Tarde;Equipe de Mutirão de Zeladoria de Vias e Logradouros Públicos;6;R. Américo Castro, 18 - Parque Rodrigues Alves, São Paulo - SP, 02249-050, Brasil;-23.490096140837426,-46.59913305767212;Adriano Terto dos Santos
10886;11643;Regularizado;03/11/2025 19:57:30;03/11/2025 19:57:25;04/11/2025 01:56:10;SELIMP - Claudio Rogério Ulhoa Cintra ;Santana/Tucuruvi;Santana/Tucuruvi;0;Noite;Coleta e transporte de entulho e grandes objetos depositados irregularmente nas vias, logradouros  e áreas públicas;24;R. Cap. Francisco Lipi, 1130 - Vila Dom Pedro II, São Paulo - SP, 02243-000, Brasil;-23.49102562,-46.59930546;Valdir Ribeiro Nunes
10887;11645;Regularizado;03/11/2025 19:57:44;03/11/2025 19:57:38;03/11/2025 21:57:38;SELIMP - Claudio Rogério Ulhoa Cintra ;Santana/Tucuruvi;Santana/Tucuruvi;P;Noite;Equipe de Mutirão de Zeladoria de Vias e Logradouros Públicos;6;R. Cruz de Malta, 147 - Parada Inglesa, São Paulo - SP, 02248-000, Brasil;-23.490588100100894,-46.599173940678526;Adriano Terto dos Santos
10888;11646;Regularizado;03/11/2025 20:07:24;03/11/2025 20:07:16;04/11/2025 01:34:17;SELIMP - Claudio Rogério Ulhoa Cintra ;Santana/Tucuruvi;Santana/Tucuruvi;0;Noite;Coleta e transporte de entulho e grandes objetos depositados irregularmente nas vias, logradouros  e áreas públicas;24;R. Paulo de Avelar, 850 - Vila Dom Pedro II, São Paulo - SP, 02243-010, Brasil;-23.49247703,-46.60263407;Valdir Ribeiro Nunes
10889;11647;Regularizado;03/11/2025 22:21:23;03/11/2025 22:21:11;04/11/2025 01:20:04;SELIMP - Claudio Rogério Ulhoa Cintra ;Santana/Tucuruvi;Santana/Tucuruvi;0;Noite;Coleta e transporte de entulho e grandes objetos depositados irregularmente nas vias, logradouros  e áreas públicas;24;R. Verde Mar, 16 - Água Fria, São Paulo - SP, 02335-030, Brasil;-23.484865983180686,-46.61576152593702;Valdir Ribeiro Nunes
10890;11648;Regularizado;03/11/2025 22:21:45;03/11/2025 22:21:35;04/11/2025 01:44:15;SELIMP - Claudio Rogério Ulhoa Cintra ;Santana/Tucuruvi;Santana/Tucuruvi;0;Noite;Coleta e transporte de entulho e grandes objetos depositados irregularmente nas vias, logradouros  e áreas públicas;24;R. São Marcelo, 9 - Parque Rodrigues Alves, São Paulo - SP, 02250-050, Brasil;-23.487826182184925,-46.599399469182934;Valdir Ribeiro Nunes
10891;11649;Regularizado;03/11/2025 22:22:00;03/11/2025 22:21:49;04/11/2025 07:41:04;SELIMP - Claudio Rogério Ulhoa Cintra ;Santana/Tucuruvi;Santana/Tucuruvi;0;Noite;Coleta e transporte de entulho e grandes objetos depositados irregularmente nas vias, logradouros  e áreas públicas;24;R. Cajamar, 5 - Vila Mazzei, São Paulo - SP, 02308-090, Brasil;-23.47682595,-46.60633645;Maiarde de Freitas Nogueira
10892;11650;Regularizado;03/11/2025 22:22:14;03/11/2025 22:22:03;04/11/2025 07:57:32;SELIMP - Claudio Rogério Ulhoa Cintra ;Santana/Tucuruvi;Santana/Tucuruvi;0;Noite;Coleta e transporte de entulho e grandes objetos depositados irregularmente nas vias, logradouros  e áreas públicas;24;Av. Mazzei, 118 - Vila Mazzei, São Paulo - SP, 02310-000, Brasil;-23.47872506,-46.60717119;Maiarde de Freitas Nogueira
10893;11651;Aguardando Vistoria;03/11/2025 22:22:26;03/11/2025 22:22:17;04/11/2025 08:12:29;SELIMP - Claudio Rogério Ulhoa Cintra ;Santana/Tucuruvi;Santana/Tucuruvi;0;Noite;Equipe de Mutirão de Zeladoria de Vias e Logradouros Públicos;12;R. Cosme de Azevedo, 52 - Vila Mazzei, São Paulo - SP, 02307-010, Brasil;-23.477851570784065,-46.608734694052536;Leandro Correa
10894;11652;Regularizado;03/11/2025 22:22:34;03/11/2025 22:22:28;04/11/2025 08:34:23;SELIMP - Claudio Rogério Ulhoa Cintra ;Santana/Tucuruvi;Santana/Tucuruvi;0;Noite;Coleta e transporte de entulho e grandes objetos depositados irregularmente nas vias, logradouros  e áreas públicas;24;R. Cosme de Azevedo, 13 - Vila Mazzei, São Paulo - SP, 02307-010, Brasil;-23.477833070244277,-46.60879215502863;Maiarde de Freitas Nogueira
11031;11752;Regularizado;04/11/2025 09:40:10;04/11/2025 09:40:05;04/11/2025 09:44:14;Vicente Malanga;Santana/Tucuruvi;Santana/Tucuruvi;22;Manhã;Varrição manual de vias e logradouros públicos;6;Av. Tucuruvi, 225 - Tucuruvi, São Paulo - SP, 02305-000, Brasil;-23.47864059845119,-46.608928487301384;Leandro Correa
11357;11973;Regularizado;04/11/2025 16:14:08;04/11/2025 16:14:03;04/11/2025 20:37:23;Vicente Malanga;Santana/Tucuruvi;Santana/Tucuruvi;;Tarde;Coleta e transporte de entulho e grandes objetos depositados irregularmente nas vias, logradouros  e áreas públicas;24;Viela da Terceira Comunidade, 3 - Vila Mazzei, São Paulo - SP, 02240-000, Brasil;-23.476772184883572,-46.60094981095433;Adriano Terto dos Santos
11472;12059;Regularizado;05/11/2025 09:06:30;05/11/2025 09:06:17;05/11/2025 10:43:14;Vicente Malanga;Santana/Tucuruvi;Santana/Tucuruvi;9;Manhã;Varrição manual de vias e logradouros públicos;6;Av. Cruzeiro do Sul, 2485 - Santana, São Paulo - SP, 02031-000, Brasil;-23.509502859450826,-46.62507416770255;Leandro Correa
11481;12067;Regularizado;05/11/2025 09:13:42;05/11/2025 09:13:37;05/11/2025 10:54:51;Vicente Malanga;Santana/Tucuruvi;Santana/Tucuruvi;2;Manhã;Varrição mecanizada de vias e logradouros públicos;6;R. Manuel dos Santos Neto, 23 - Santana, São Paulo - SP, 02032-010, Brasil;-23.5099153,-46.6244342;Leandro Correa
11519;12096;Regularizado;05/11/2025 09:42:32;05/11/2025 09:42:24;05/11/2025 11:00:23;Vicente Malanga;Santana/Tucuruvi;Santana/Tucuruvi;11;Manhã;Varrição manual de vias e logradouros públicos;6;Rua leite de morais 67 - Box b2 - Santana, São Paulo - SP, 02034-020, Brasil;-23.50316423805044,-46.624344935127624;Leandro Correa
11524;12101;Regularizado;05/11/2025 09:44:46;05/11/2025 09:44:41;05/11/2025 10:35:27;Vicente Malanga;Santana/Tucuruvi;Santana/Tucuruvi;11;Manhã;Varrição mecanizada de vias e logradouros públicos;6;Av. Cruzeiro do Sul, 3108 - Santana, São Paulo - SP, 02030-200, Brasil;-23.50366879559573,-46.62458593366084;Leandro Correa
11554;12119;Regularizado;05/11/2025 09:55:16;05/11/2025 09:55:10;05/11/2025 10:31:41;Vicente Malanga;Santana/Tucuruvi;Santana/Tucuruvi;11;Manhã;Varrição manual de vias e logradouros públicos;6;Av. Cruzeiro do Sul, 3172 - Santana, São Paulo - SP, 02030-200, Brasil;-23.5029943057543,-46.62452873114577;Leandro Correa
11586;12138;Regularizado;05/11/2025 10:15:34;05/11/2025 10:15:28;05/11/2025 11:07:41;Vicente Malanga;Santana/Tucuruvi;Santana/Tucuruvi;1;Manhã;Varrição manual de vias e logradouros públicos;6;R. Dr. César, 658 - Santana, São Paulo - SP, 02013-002, Brasil;-23.503106405728154,-46.63265095507412;Leandro Correa
11597;12147;Regularizado;05/11/2025 10:23:10;05/11/2025 10:23:04;05/11/2025 15:07:05;SELIMP - Sergio Watanabe;Vila Maria/Vila Guilherme;Vila Maria/Vila Guilherme;;Manhã;Coleta e transporte de entulho e grandes objetos depositados irregularmente nas vias, logradouros  e áreas públicas;24;R. Srg. José Pessoto Sobrinho, 271 - Parque Novo Mundo, São Paulo - SP, 02178-000, Brasil;-23.519779350292737,-46.57034894369889;Marcos Aurélio Silva do Prado
11598;12148;Regularizado;05/11/2025 10:23:22;05/11/2025 10:23:14;05/11/2025 16:31:27;SELIMP - Sergio Watanabe;Vila Maria/Vila Guilherme;Vila Maria/Vila Guilherme;;Manhã;Coleta e transporte de entulho e grandes objetos depositados irregularmente nas vias, logradouros  e áreas públicas;24;R. Sd. José Pires Barbosa Filho, 7 - Parque Novo Mundo, São Paulo - SP, 02178-020, Brasil;-23.520147823662402,-46.57044482405508;Marcos Aurélio Silva do Prado
11599;12149;Regularizado;05/11/2025 10:23:35;05/11/2025 10:23:26;05/11/2025 12:45:04;SELIMP - Sergio Watanabe;Vila Maria/Vila Guilherme;Vila Maria/Vila Guilherme;;Manhã;Coleta e transporte de entulho e grandes objetos depositados irregularmente nas vias, logradouros  e áreas públicas;24;Av. Ten. Amaro Felicíssimo da Silveira, 16 - Vila Maria, São Paulo - SP, 02174, Brasil;-23.523743208580196,-46.57146088077664;Victor Luiz Barbosa da Silva
11600;12150;Regularizado;05/11/2025 10:23:45;05/11/2025 10:23:38;05/11/2025 12:45:17;SELIMP - Sergio Watanabe;Vila Maria/Vila Guilherme;Vila Maria/Vila Guilherme;0;Manhã;Limpeza e desobstrução de bueiros, bocas de lobo e bocas de leão;6;Av. Ten. Amaro Felicíssimo da Silveira, 183 - Parque Novo Mundo, São Paulo - SP, 02177-010, Brasil;-23.523955,-46.5716267;Victor Luiz Barbosa da Silva
11602;12151;Regularizado;05/11/2025 10:24:13;05/11/2025 10:24:05;05/11/2025 16:07:32;SELIMP - Sergio Watanabe;Vila Maria/Vila Guilherme;Vila Maria/Vila Guilherme;;Manhã;Coleta e transporte de entulho e grandes objetos depositados irregularmente nas vias, logradouros  e áreas públicas;24;R. Srg. José Pessoto Sobrinho, 410 - Parque Novo Mundo, São Paulo - SP, 02178-000, Brasil;-23.520828285882633,-46.57135835020812;Marcos Aurélio Silva do Prado
11603;12152;Regularizado;05/11/2025 10:24:22;05/11/2025 10:24:15;05/11/2025 17:30:06;SELIMP - Sergio Watanabe;Vila Maria/Vila Guilherme;Vila Maria/Vila Guilherme;;Manhã;Coleta e transporte de entulho e grandes objetos depositados irregularmente nas vias, logradouros  e áreas públicas;24;R. Dilce Freitas da Silva, Nº 111 - Parque Novo Mundo, São Paulo - SP, 02178-060, Brasil;-23.521262943876433,-46.57140852491592;Marcos Aurélio Silva do Prado
11611;12161;Regularizado;05/11/2025 10:27:26;05/11/2025 10:27:20;05/11/2025 15:50:26;SELIMP - Sergio Watanabe;Vila Maria/Vila Guilherme;Vila Maria/Vila Guilherme;;Manhã;Coleta e transporte de entulho e grandes objetos depositados irregularmente nas vias, logradouros  e áreas públicas;24;Av. Ten. Amaro Felicíssimo da Silveira, 665 - Vila Maria, São Paulo - SP, 02177-010, Brasil;-23.5190216,-46.571515;Marcos Aurélio Silva do Prado
11614;12163;Regularizado;05/11/2025 10:30:47;05/11/2025 10:30:40;05/11/2025 18:33:16;SELIMP - Sergio Watanabe;Vila Maria/Vila Guilherme;Vila Maria/Vila Guilherme;;Manhã;Coleta e transporte de entulho e grandes objetos depositados irregularmente nas vias, logradouros  e áreas públicas;24;R. Bicicleta, 33 - Parque Vila Maria, São Paulo - SP, 02175-030, Brasil;-23.5181274119575,-46.5715102185647;Marcos Aurélio Silva do Prado
11624;12167;Regularizado;05/11/2025 10:33:52;05/11/2025 10:33:43;05/11/2025 12:36:49;SELIMP - Sergio Watanabe;Vila Maria/Vila Guilherme;Vila Maria/Vila Guilherme;;Manhã;Coleta e transporte de entulho e grandes objetos depositados irregularmente nas vias, logradouros  e áreas públicas;24;Av. Ten. Amaro Felicíssimo da Silveira, 451 - Vila Maria, São Paulo - SP, 02177-010, Brasil;-23.516806464645967,-46.571305723251754;Victor Luiz Barbosa da Silva
11638;12175;Regularizado;05/11/2025 10:39:19;05/11/2025 10:39:14;05/11/2025 17:42:03;Vicente Malanga;Santana/Tucuruvi;Santana/Tucuruvi;;Manhã;Coleta e transporte de entulho e grandes objetos depositados irregularmente nas vias, logradouros  e áreas públicas;24;Av. Eng. Caetano Álvares, 4307 - Vila Romero, São Paulo - SP, 02469-127, Brasil;-23.487274115309482,-46.64677893733307;Adriano Terto dos Santos
11643;12178;Regularizado;05/11/2025 10:43:53;05/11/2025 10:43:46;05/11/2025 12:45:22;SELIMP - Sergio Watanabe;Vila Maria/Vila Guilherme;Vila Maria/Vila Guilherme;;Manhã;Coleta e transporte de entulho e grandes objetos depositados irregularmente nas vias, logradouros  e áreas públicas;24;Rua Badajoz, 39 - Jardim Andarai, São Paulo - SP, 02169-050, Brasil;-23.517796837722813,-46.576473404574536;Victor Luiz Barbosa da Silva
11665;12187;Regularizado;05/11/2025 10:59:11;05/11/2025 10:59:06;05/11/2025 17:08:27;Vicente Malanga;Santana/Tucuruvi;Santana/Tucuruvi;;Manhã;Coleta e transporte de entulho e grandes objetos depositados irregularmente nas vias, logradouros  e áreas públicas;24;Av. Direitos Humanos, 1170 - Imirim, São Paulo - SP, 02475-001, Brasil;-23.477962800258037,-46.6436986139288;Adriano Terto dos Santos
11656;12189;Regularizado;05/11/2025 10:59:20;05/11/2025 10:54:49;05/11/2025 11:32:20;Vicente Malanga;Santana/Tucuruvi;Santana/Tucuruvi;59;Manhã;Varrição manual de vias e logradouros públicos;6;Av. Direitos Humanos, 1425 - Lauzane Paulista, São Paulo - SP, 02475, Brasil;-23.478185319749254,-46.643913305162506;João Marques da Silva
11684;12199;Regularizado;05/11/2025 11:05:30;05/11/2025 11:05:25;05/11/2025 17:13:46;Vicente Malanga;Santana/Tucuruvi;Santana/Tucuruvi;;Manhã;Coleta e transporte de entulho e grandes objetos depositados irregularmente nas vias, logradouros  e áreas públicas;24;Av. Direitos Humanos, 2077 - Lauzane Paulista, São Paulo - SP, 02475-000, Brasil;-23.47578186420789,-46.639483124829844;Adriano Terto dos Santos
11689;12202;Regularizado;05/11/2025 11:10:33;05/11/2025 11:10:29;05/11/2025 17:26:59;Vicente Malanga;Santana/Tucuruvi;Santana/Tucuruvi;;Manhã;Coleta e transporte de entulho e grandes objetos depositados irregularmente nas vias, logradouros  e áreas públicas;24;Rua Judith Zumkeller, 762 - Parque Mandaqui, São Paulo - SP, 02422-020, Brasil;-23.47384157407998,-46.637886501302674;Adriano Terto dos Santos
11854;12311;Regularizado;05/11/2025 16:15:43;05/11/2025 16:15:37;05/11/2025 20:27:38;SELIMP - Claudio Rogério Ulhoa Cintra ;Santana/Tucuruvi;Santana/Tucuruvi;0;Tarde;Coleta e transporte de entulho e grandes objetos depositados irregularmente nas vias, logradouros  e áreas públicas;24;R. Cap. Francisco Lipi, 385 - Vila Dom Pedro II, São Paulo - SP, 02243-000, Brasil;-23.491114115365658,-46.606708672834465;Adriano Terto dos Santos
11855;12312;Regularizado;05/11/2025 16:18:08;05/11/2025 16:18:02;05/11/2025 20:46:29;SELIMP - Claudio Rogério Ulhoa Cintra ;Santana/Tucuruvi;Santana/Tucuruvi;0;Tarde;Coleta e transporte de entulho e grandes objetos depositados irregularmente nas vias, logradouros  e áreas públicas;24;R. Paulo de Avelar, 1081 - Vila Dom Pedro II, São Paulo - SP, 02243-010, Brasil;-23.49180180195489,-46.60000242213918;Adriano Terto dos Santos
11856;12313;Regularizado;05/11/2025 16:18:18;05/11/2025 16:18:13;05/11/2025 20:35:10;SELIMP - Claudio Rogério Ulhoa Cintra ;Santana/Tucuruvi;Santana/Tucuruvi;0;Tarde;Coleta e transporte de entulho e grandes objetos depositados irregularmente nas vias, logradouros  e áreas públicas;24;R. Paulo de Avelar, 1044 - Vila Dom Pedro II, São Paulo - SP, 02243-010, Brasil;-23.49195884,-46.60059352;Adriano Terto dos Santos
11857;12314;Regularizado;05/11/2025 16:18:26;05/11/2025 16:18:21;05/11/2025 20:54:36;SELIMP - Claudio Rogério Ulhoa Cintra ;Santana/Tucuruvi;Santana/Tucuruvi;0;Tarde;Coleta e transporte de entulho e grandes objetos depositados irregularmente nas vias, logradouros  e áreas públicas;24;R. Cruz de Malta, 943 - Parada Inglesa, São Paulo - SP, 02248-001, Brasil;-23.48340620875868,-46.59984847537216;Adriano Terto dos Santos
11858;12315;Regularizado;05/11/2025 16:18:35;05/11/2025 16:18:29;05/11/2025 17:57:14;SELIMP - Claudio Rogério Ulhoa Cintra ;Santana/Tucuruvi;Santana/Tucuruvi;0;Tarde;Coleta e transporte de entulho e grandes objetos depositados irregularmente nas vias, logradouros  e áreas públicas;24;Av. Eng. Caetano Álvares, 6753 - Imirim, São Paulo - SP, 02413-200, Brasil;-23.47692851,-46.62714604;Adriano Terto dos Santos
11859;12317;Regularizado;05/11/2025 16:18:45;05/11/2025 16:18:40;05/11/2025 18:36:00;SELIMP - Claudio Rogério Ulhoa Cintra ;Santana/Tucuruvi;Santana/Tucuruvi;0;Tarde;Varrição manual de vias e logradouros públicos;3;R. Adolfo Samuel, 62 - Parque Mandaqui, São Paulo - SP, 02418-100, Brasil;-23.470088,-46.6276538;Adriano Terto dos Santos
11886;12338;Regularizado;05/11/2025 17:04:37;05/11/2025 17:04:25;05/11/2025 21:10:02;SELIMP - Claudio Rogério Ulhoa Cintra ;Santana/Tucuruvi;Santana/Tucuruvi;0;Tarde;Coleta e transporte de entulho e grandes objetos depositados irregularmente nas vias, logradouros  e áreas públicas;24;R. Pedro Madureira, 592 - Jardim Sao Paulo(Zona Norte), São Paulo - SP, 02044-140, Brasil;-23.49288388915083,-46.616594967566165;Adriano Terto dos Santos
11993;12414;Regularizado;06/11/2025 09:16:55;06/11/2025 09:16:49;06/11/2025 09:30:41;Vicente Malanga;Santana/Tucuruvi;Santana/Tucuruvi;22;Manhã;Varrição manual de vias e logradouros públicos;6;Av. Tucuruvi, 563 - Tucuruvi, São Paulo - SP, 02305-001, Brasil;-23.480407366761476,-46.60646487402884;Leandro Correa
11996;12415;Regularizado;06/11/2025 09:20:31;06/11/2025 09:20:26;06/11/2025 09:40:01;Vicente Malanga;Santana/Tucuruvi;Santana/Tucuruvi;22;Manhã;Varrição manual de vias e logradouros públicos;6;Av. Mazzei, 156 - Vila Mazzei, São Paulo - SP, 02310-000, Brasil;-23.478655,-46.6070467;Leandro Correa
12007;12424;Regularizado;06/11/2025 09:26:15;06/11/2025 09:26:11;06/11/2025 11:19:26;Vicente Malanga;Santana/Tucuruvi;Santana/Tucuruvi;;Manhã;Coleta e transporte de entulho e grandes objetos depositados irregularmente nas vias, logradouros  e áreas públicas;24;Rua Curupité, 135 - Vila Mazzei, São Paulo - SP, 02308-140, Brasil;-23.477109717495395,-46.607298804793025;Maiarde de Freitas Nogueira
12082;12468;Regularizado;06/11/2025 09:57:46;06/11/2025 09:57:41;06/11/2025 10:20:48;Vicente Malanga;Santana/Tucuruvi;Santana/Tucuruvi;97;Manhã;Equipe de Mutirão de Zeladoria de Vias e Logradouros Públicos;12;Av. Daniel Malettini, 378 - Vila Aurora (Zona Norte), São Paulo - SP, 02411-000, Brasil;-23.47628917652796,-46.622734265057446;Maiarde de Freitas Nogueira
12149;12512;Regularizado;06/11/2025 10:33:05;06/11/2025 10:33:00;06/11/2025 11:32:57;Vicente Malanga;Santana/Tucuruvi;Santana/Tucuruvi;;Manhã;Coleta e transporte de entulho e grandes objetos depositados irregularmente nas vias, logradouros  e áreas públicas;24;R. João de Laet, 909 - Vila Aurora (Zona Norte), São Paulo - SP, 02410-010, Brasil;-23.475031916941113,-46.62233195619089;Maiarde de Freitas Nogueira
12190;12540;Regularizado;06/11/2025 10:58:17;06/11/2025 10:58:02;06/11/2025 11:42:28;Vicente Malanga;Santana/Tucuruvi;Santana/Tucuruvi;11;Manhã;Varrição manual de vias e logradouros públicos;6;R. Ezequiel Freire, 604 - Santana, São Paulo - SP, 02034-002, Brasil;-23.50080105034462,-46.623494853116405;Huque Souza Santos
12389;12676;Regularizado;07/11/2025 08:39:23;07/11/2025 08:39:14;07/11/2025 12:18:23;SELIMP - Claudio Rogério Ulhoa Cintra ;Santana/Tucuruvi;Santana/Tucuruvi;0;Manhã;Varrição manual de vias e logradouros públicos;6;Av. Nova Cantareira, 1502 - Água Fria, São Paulo - SP, 02330-001, Brasil;-23.482217889612343,-46.613066090000004;Matheus Norberto Portela
12392;12679;Regularizado;07/11/2025 08:39:45;07/11/2025 08:39:32;07/11/2025 12:09:43;SELIMP - Claudio Rogério Ulhoa Cintra ;Santana/Tucuruvi;Santana/Tucuruvi;0;Tarde;Varrição manual de vias e logradouros públicos;6;R. Outeiro da Cruz, 109 - Jardim São Paulo, São Paulo - SP, 02041-040, Brasil;-23.489132153075612,-46.61835425940056;Matheus Norberto Portela
12396;12680;Regularizado;07/11/2025 08:39:57;07/11/2025 08:39:49;07/11/2025 09:42:53;SELIMP - Claudio Rogério Ulhoa Cintra ;Santana/Tucuruvi;Santana/Tucuruvi;0;Tarde;Coleta e transporte de entulho e grandes objetos depositados irregularmente nas vias, logradouros  e áreas públicas;24;R. Outeiro da Cruz, 109 - Jardim São Paulo, São Paulo - SP, 02041-040, Brasil;-23.489135642338095,-46.61837777277015;Maiarde de Freitas Nogueira
12437;12706;Regularizado;07/11/2025 09:17:38;07/11/2025 09:17:33;07/11/2025 11:32:41;Vicente Malanga;Santana/Tucuruvi;Santana/Tucuruvi;100;Manhã;Equipe de Mutirão de Zeladoria de Vias e Logradouros Públicos;12;Av. Mal. Eurico Gaspar Dutra, 1685 - Parada Inglesa, São Paulo - SP, 02339-010, Brasil;-23.4849917,-46.6096767;Maiarde de Freitas Nogueira
12449;12714;Regularizado;07/11/2025 09:27:05;07/11/2025 09:26:59;07/11/2025 09:34:40;Vicente Malanga;Santana/Tucuruvi;Santana/Tucuruvi;99;Manhã;Equipe de Mutirão de Zeladoria de Vias e Logradouros Públicos;12;Rua Gracianópolis, 50 - Água Fria, São Paulo - SP, 02335-050, Brasil;-23.481667525309472,-46.61873882978364;Maiarde de Freitas Nogueira
12458;12720;Respondido;07/11/2025 09:34:49;07/11/2025 09:34:42;07/11/2025 11:00:50;SELIMP - Sergio Watanabe;Casa Verde/Cachoeirinha;Casa Verde/Cachoeirinha;;Manhã;Coleta e transporte de entulho e grandes objetos depositados irregularmente nas vias, logradouros  e áreas públicas;24;Av. Parada Pinto, 539a - Vila Nova Cachoeirinha, São Paulo - SP, 02611-002, Brasil;-23.469525767372424,-46.664825502558855;Wilson Da Silva Domingos
12472;12727;Respondido;07/11/2025 09:41:29;07/11/2025 09:41:19;07/11/2025 16:28:50;SELIMP - Sergio Watanabe;Casa Verde/Cachoeirinha;Casa Verde/Cachoeirinha;;Manhã;Coleta e transporte de entulho e grandes objetos depositados irregularmente nas vias, logradouros  e áreas públicas;24;R. Francisco Rodrigues Lobo, 7 - Vila Dionisia, São Paulo - SP, 02671-010, Brasil;-23.468010793506995,-46.66713192672519;William Matos Jorge
12474;12729;Respondido;07/11/2025 09:44:14;07/11/2025 09:44:07;07/11/2025 11:36:34;SELIMP - Sergio Watanabe;Casa Verde/Cachoeirinha;Casa Verde/Cachoeirinha;;Manhã;Coleta e transporte de entulho e grandes objetos depositados irregularmente nas vias, logradouros  e áreas públicas;24;R. Gomes Leal, 7 - Vila Dionisia, São Paulo - SP, 02671-090, Brasil;-23.46815440020774,-46.667437835510995;Wilson Da Silva Domingos
12481;12734;Regularizado;07/11/2025 09:47:33;07/11/2025 09:47:28;07/11/2025 11:47:53;Vicente Malanga;Santana/Tucuruvi;Santana/Tucuruvi;43;Manhã;Varrição manual de vias e logradouros públicos;6;Rua Inácio Mammana, 444 - Vila Vitorio Mazzei, São Paulo - SP, 02409-060, Brasil;-23.47575145979701,-46.626286933442124;Maiarde de Freitas Nogueira
12482;12735;Respondido;07/11/2025 09:47:56;07/11/2025 09:47:51;07/11/2025 11:14:42;SELIMP - Sergio Watanabe;Casa Verde/Cachoeirinha;Casa Verde/Cachoeirinha;;Manhã;Coleta e transporte de entulho e grandes objetos depositados irregularmente nas vias, logradouros  e áreas públicas;24;Av. Jerônimo de Andrade, 23 - Jardim Cecy, São Paulo - SP, 02861-180, Brasil;-23.468181314634908,-46.6692449351009;Wilson Da Silva Domingos
12490;12740;Respondido;07/11/2025 09:54:32;07/11/2025 09:54:15;07/11/2025 12:03:24;SELIMP - Sergio Watanabe;Casa Verde/Cachoeirinha;Casa Verde/Cachoeirinha;;Manhã;Coleta e transporte de entulho e grandes objetos depositados irregularmente nas vias, logradouros  e áreas públicas;24;Rua Diamantino Matheus, 620 - Vila Francos, São Paulo - SP, 02880-030, Brasil;-23.465619557517112,-46.67421697478499;Wilson Da Silva Domingos
12495;12743;Regularizado;07/11/2025 10:03:21;07/11/2025 10:03:15;07/11/2025 12:44:52;Vicente Malanga;Santana/Tucuruvi;Santana/Tucuruvi;45;Manhã;Varrição manual de vias e logradouros públicos;6;R. Francisco Ataíde, 245 - Jardim Paraíso, São Paulo - SP, 02418-020, Brasil;-23.472533582456208,-46.62946045151757;Leandro Correa
12576;12796;Regularizado;07/11/2025 10:54:40;07/11/2025 10:54:34;07/11/2025 19:48:56;Vicente Malanga;Santana/Tucuruvi;Santana/Tucuruvi;;Manhã;Coleta e transporte de entulho e grandes objetos depositados irregularmente nas vias, logradouros  e áreas públicas;24;R. Cel. Evaristo de Campos, 48 - Santa Teresinha, São Paulo - SP, 02450-020, Brasil;-23.498872902459002,-46.63845077503204;Adriano Terto dos Santos
12660;12839;Respondido;07/11/2025 13:30:36;07/11/2025 13:30:31;07/11/2025 16:29:46;SELIMP - Luis Henrique Hayato Pedroso;Jaçanã/Tremembé;Jaçanã/Tremembé;;Selecione;Coleta e transporte de entulho e grandes objetos depositados irregularmente nas vias, logradouros  e áreas públicas;24;R. Cel. Esdras de Oliveira, 209 - Parque Casa de Pedra, São Paulo - SP, 02351-030, Brasil;-23.4549867,-46.6008243;Graciano Alves de Almeida Neto
12661;12840;Respondido;07/11/2025 13:30:44;07/11/2025 13:30:40;08/11/2025 08:18:58;SELIMP - Luis Henrique Hayato Pedroso;Jaçanã/Tremembé;Jaçanã/Tremembé;;Selecione;Fornecimento, instalação e reposição de papeleiras e outros equipamentos de recepção de resíduos;48;Rua Sônia Margy, 213a - Parque Casa de Pedra, São Paulo - SP, 02351-000, Brasil;-23.4554622,-46.6005776;Ademir Strapaicci
12814;12973;Regularizado;09/11/2025 16:35:56;09/11/2025 16:35:37;09/11/2025 17:28:38;SELIMP - Claudio Rogério Ulhoa Cintra ;Santana/Tucuruvi;Santana/Tucuruvi;0;Tarde;Varrição manual de vias e logradouros públicos;3;Av. Nova Cantareira, 1522 - Tucuruvi, São Paulo - SP, 02330-002, Brasil;-23.4821187965313,-46.612849601513986;João Marques da Silva
12815;12975;Autuado;09/11/2025 22:17:56;09/11/2025 22:17:39;;SELIMP - Claudio Rogério Ulhoa Cintra ;Santana/Tucuruvi;Santana/Tucuruvi;0;Noite;Varrição manual de vias e logradouros públicos;3;R. Casa Forte, 46 - Água Fria, São Paulo - SP, 02336-040, Brasil;-23.483359890721783,-46.61446503226548;
12815;12976;Autuado;10/11/2025 02:00:02;09/11/2025 22:17:39;;SELIMP - Claudio Rogério Ulhoa Cintra ;Santana/Tucuruvi;Santana/Tucuruvi;0;Noite;Varrição manual de vias e logradouros públicos;3;R. Casa Forte, 46 - Água Fria, São Paulo - SP, 02336-040, Brasil;-23.483359890721783,-46.61446503226548;
12815;12977;Regularizado;10/11/2025 06:00:02;09/11/2025 22:17:39;10/11/2025 08:07:00;SELIMP - Claudio Rogério Ulhoa Cintra ;Santana/Tucuruvi;Santana/Tucuruvi;0;Noite;Varrição manual de vias e logradouros públicos;3;R. Casa Forte, 46 - Água Fria, São Paulo - SP, 02336-040, Brasil;-23.483359890721783,-46.61446503226548;Maiarde de Freitas Nogueira
12888;13029;Regularizado;10/11/2025 09:01:48;10/11/2025 09:01:42;10/11/2025 10:55:02;Vicente Malanga;Santana/Tucuruvi;Santana/Tucuruvi;22;Manhã;Varrição manual de vias e logradouros públicos;6;Av. Tucuruvi, 563 - Tucuruvi, São Paulo - SP, 02305-001, Brasil;-23.480420726913465,-46.606433740432095;Leandro Correa
12909;13046;Regularizado;10/11/2025 09:13:35;10/11/2025 09:13:27;10/11/2025 09:17:09;Vicente Malanga;Santana/Tucuruvi;Santana/Tucuruvi;12;Manhã;Varrição manual de vias e logradouros públicos;6;R. Ausônia, 49 - Vila Mazzei, São Paulo - SP, 02308-050, Brasil;-23.479334832156795,-46.603325528577365;Leandro Correa
12924;13057;Regularizado;10/11/2025 09:21:51;10/11/2025 09:21:44;10/11/2025 10:09:23;Vicente Malanga;Santana/Tucuruvi;Santana/Tucuruvi;;Manhã;Coleta e transporte de entulho e grandes objetos depositados irregularmente nas vias, logradouros  e áreas públicas;24;Av. Maestro Villa-Lobos, 899 - Vila Gustavo, São Paulo - SP, 02266-001, Brasil;-23.475664448917385,-46.595540721266076;Maiarde de Freitas Nogueira
12932;13063;Regularizado;10/11/2025 09:25:44;10/11/2025 09:25:37;10/11/2025 10:19:53;Vicente Malanga;Santana/Tucuruvi;Santana/Tucuruvi;;Manhã;Coleta e transporte de entulho e grandes objetos depositados irregularmente nas vias, logradouros  e áreas públicas;24;Praça Maestro Ivan Zemantauskas Haensel - Av. Maestro Villa-Lobos, 965 - Vila Gustavo, São Paulo - SP, 02266-001, Brasil;-23.47517977392499,-46.595478549873306;Maiarde de Freitas Nogueira
12950;13075;Regularizado;10/11/2025 09:33:25;10/11/2025 09:33:19;10/11/2025 09:54:45;Vicente Malanga;Santana/Tucuruvi;Santana/Tucuruvi;19;Manhã;Varrição manual de vias e logradouros públicos;6;R. Cometa, 136 - Vila Nivi, São Paulo - SP, 02255-090, Brasil;-23.47557951875431,-46.59183371032658;Leandro Correa
12978;13096;Regularizado;10/11/2025 09:45:09;10/11/2025 09:45:04;10/11/2025 09:46:54;Vicente Malanga;Santana/Tucuruvi;Santana/Tucuruvi;16;Manhã;Varrição manual de vias e logradouros públicos;6;R. Camatei, 485 - Vila Nivi, São Paulo - SP, 02254-020, Brasil;-23.48168234180733,-46.5918820684069;Leandro Correa
12989;13104;Regularizado;10/11/2025 09:50:54;10/11/2025 09:50:48;10/11/2025 10:47:02;Vicente Malanga;Santana/Tucuruvi;Santana/Tucuruvi;;Manhã;Coleta e transporte de entulho e grandes objetos depositados irregularmente nas vias, logradouros  e áreas públicas;24;R. Capricho, 320 - Vila Nivi, São Paulo - SP, 02254-000, Brasil;-23.48304747272554,-46.59339015688402;Maiarde de Freitas Nogueira
13043;13137;Regularizado;10/11/2025 10:10:19;10/11/2025 10:10:03;10/11/2025 10:59:09;Vicente Malanga;Santana/Tucuruvi;Santana/Tucuruvi;;Manhã;Coleta e transporte de entulho e grandes objetos depositados irregularmente nas vias, logradouros  e áreas públicas;24;R. Elvira de Bortole, 112 - Vila Dom Pedro II, São Paulo - SP, 02246-000, Brasil;-23.491098577967374,-46.601162101904016;Maiarde de Freitas Nogueira
13149;13212;Regularizado;10/11/2025 10:35:13;10/11/2025 10:35:06;10/11/2025 11:29:29;Vicente Malanga;Santana/Tucuruvi;Santana/Tucuruvi;04;Manhã;Varrição manual de vias e logradouros públicos;6;Rua Dr. Olavo Egídio, 386 - Santana, São Paulo - SP, 02037-000, Brasil;-23.499914927929265,-46.62198524884575;Leandro Correa
13203;13246;Regularizado;10/11/2025 10:52:52;10/11/2025 10:52:45;10/11/2025 12:41:41;Vicente Malanga;Santana/Tucuruvi;Santana/Tucuruvi;11;Manhã;Varrição manual de vias e logradouros públicos;6;Av. Cruzeiro do Sul, 3100 - Santana, São Paulo - SP, 02030-200, Brasil;-23.50336406278497,-46.62455045727067;Leandro Correa
13611;13536;Regularizado;11/11/2025 09:39:00;11/11/2025 09:38:52;11/11/2025 13:27:35;Vicente Malanga;Santana/Tucuruvi;Santana/Tucuruvi;77;Manhã;Varrição mecanizada de vias e logradouros públicos;6;Parque Domingos Luís, 209 - Jardim São Paulo, São Paulo - SP, 02043-081, Brasil;-23.491899175626344,-46.616267595672895;Huque Souza Santos
13640;13555;Regularizado;11/11/2025 09:49:20;11/11/2025 09:49:13;11/11/2025 11:13:41;Vicente Malanga;Santana/Tucuruvi;Santana/Tucuruvi;76;Manhã;Varrição manual de vias e logradouros públicos;6;R. Conceição da Barra, 291 - Santana, São Paulo - SP, 02039-030, Brasil;-23.4918335,-46.621754;Huque Souza Santos
13684;13579;Regularizado;11/11/2025 10:14:30;11/11/2025 10:14:23;11/11/2025 12:56:09;Vicente Malanga;Santana/Tucuruvi;Santana/Tucuruvi;4;Manhã;Varrição manual de vias e logradouros públicos;6;R. Dr. Gabriel Piza, 404 - Santana, São Paulo - SP, 02036-011, Brasil;-23.502114573897227,-46.62223176312822;Leandro Correa
13725;13609;Regularizado;11/11/2025 10:40:44;11/11/2025 10:40:38;11/11/2025 13:05:40;Vicente Malanga;Santana/Tucuruvi;Santana/Tucuruvi;10;Manhã;Varrição manual de vias e logradouros públicos;6;R. Darzan, 356 - Santana, São Paulo - SP, 02034-030, Brasil;-23.504284217440063,-46.62284454525624;Leandro Correa
13735;13617;Regularizado;11/11/2025 10:44:47;11/11/2025 10:44:41;11/11/2025 11:59:06;Vicente Malanga;Santana/Tucuruvi;Santana/Tucuruvi;;Manhã;Coleta e transporte de entulho e grandes objetos depositados irregularmente nas vias, logradouros  e áreas públicas;24;Av. Gen. Ataliba Leonel, 615 - Santana, São Paulo - SP, 02033-000, Brasil;-23.50466150103552,-46.621370200139566;Maiarde de Freitas Nogueira
13744;13623;Regularizado;11/11/2025 11:00:09;11/11/2025 10:59:55;11/11/2025 13:16:48;Vicente Malanga;Santana/Tucuruvi;Santana/Tucuruvi;8;Manhã;Varrição manual de vias e logradouros públicos;6;Av. Cruzeiro do Sul, 1877 - Santana, São Paulo - SP, 02031-000, Brasil;-23.51422205399881,-46.62521899855918;Leandro Correa
13759;13629;Regularizado;11/11/2025 11:20:50;11/11/2025 11:20:45;11/11/2025 13:26:38;Vicente Malanga;Santana/Tucuruvi;Santana/Tucuruvi;3;Manhã;Varrição manual de vias e logradouros públicos;6;Corredor Norte-Sul, 1318 - Santana, São Paulo - SP, 02012-010, Brasil;-23.5169333,-46.6300833;Leandro Correa
13990;13778;Regularizado;11/11/2025 15:48:00;11/11/2025 15:47:56;11/11/2025 16:46:49;Vicente Malanga;Santana/Tucuruvi;Santana/Tucuruvi;7;Tarde;Varrição de pós feiras livres e Lavagem e desinfecção de vias e logradouros públicos pós feiras livres;6;R. Aureliano Leal, 385 - Água Fria, São Paulo - SP, 02334-091, Brasil;-23.48384976542788,-46.62160576763912;Adriano Terto dos Santos
14013;13786;Regularizado;11/11/2025 16:49:11;11/11/2025 16:49:06;11/11/2025 19:25:44;Vicente Malanga;Santana/Tucuruvi;Santana/Tucuruvi;8;Tarde;Varrição de pós feiras livres e Lavagem e desinfecção de vias e logradouros públicos pós feiras livres;6;Av. Maestro Villa-Lobos, 917 - Vila Gustavo, São Paulo - SP, 02266-001, Brasil;-23.4755422596588,-46.5955007867563;Adriano Terto dos Santos
14023;13794;Regularizado;11/11/2025 18:39:49;11/11/2025 18:39:44;11/11/2025 19:40:40;SELIMP - Claudio Rogério Ulhoa Cintra ;Santana/Tucuruvi;Santana/Tucuruvi;0;Noite;Coleta e transporte de entulho e grandes objetos depositados irregularmente nas vias, logradouros  e áreas públicas;24;R. Ronaldo de Carvalho, 423 - Jardim São Paulo, São Paulo - SP, 02043-000, Brasil;-23.490168814159194,-46.61388583863928;Adriano Terto dos Santos
14024;13795;Regularizado;11/11/2025 18:39:59;11/11/2025 18:39:54;11/11/2025 19:39:16;SELIMP - Claudio Rogério Ulhoa Cintra ;Santana/Tucuruvi;Santana/Tucuruvi;0;Noite;Coleta e transporte de entulho e grandes objetos depositados irregularmente nas vias, logradouros  e áreas públicas;24;R. Ronaldo de Carvalho, 419 - Jardim São Paulo, São Paulo - SP, 02043-000, Brasil;-23.489984809943163,-46.613552918776755;Adriano Terto dos Santos
14025;13796;Regularizado;11/11/2025 18:40:10;11/11/2025 18:40:04;11/11/2025 19:30:27;SELIMP - Claudio Rogério Ulhoa Cintra ;Santana/Tucuruvi;Santana/Tucuruvi;0;Noite;Varrição manual de vias e logradouros públicos;6;Av. Mal. Eurico Gaspar Dutra, 1268 - Santana, São Paulo - SP, 02239-010, Brasil;-23.48968391,-46.61166262;Adriano Terto dos Santos
14026;13797;Regularizado;11/11/2025 18:40:22;11/11/2025 18:40:16;11/11/2025 19:26:51;SELIMP - Claudio Rogério Ulhoa Cintra ;Santana/Tucuruvi;Santana/Tucuruvi;0;Noite;Varrição manual de vias e logradouros públicos;6;Av. Mal. Eurico Gaspar Dutra, 1298 - Jardim São Paulo, São Paulo - SP, 22390-010, Brasil;-23.489266358227212,-46.611137819571276;Adriano Terto dos Santos
14027;13798;Regularizado;11/11/2025 18:40:33;11/11/2025 18:40:27;11/11/2025 19:50:25;SELIMP - Claudio Rogério Ulhoa Cintra ;Santana/Tucuruvi;Santana/Tucuruvi;0;Noite;Coleta e transporte de entulho e grandes objetos depositados irregularmente nas vias, logradouros  e áreas públicas;24;R. Pedro Cacunda, 494 - Jardim São Paulo, São Paulo - SP, 02046-090, Brasil;-23.489324131398725,-46.61100896004355;Adriano Terto dos Santos
14028;13799;Regularizado;11/11/2025 18:40:48;11/11/2025 18:40:40;11/11/2025 20:00:22;SELIMP - Claudio Rogério Ulhoa Cintra ;Santana/Tucuruvi;Santana/Tucuruvi;0;Tarde;Coleta e transporte de entulho e grandes objetos depositados irregularmente nas vias, logradouros  e áreas públicas;24;R. Pedro Cacunda, 139 - Jardim São Paulo, São Paulo - SP, 02046-090, Brasil;-23.492388450757122,-46.61195423471752;Adriano Terto dos Santos
14029;13800;Regularizado;11/11/2025 18:40:57;11/11/2025 18:40:51;11/11/2025 20:47:23;SELIMP - Claudio Rogério Ulhoa Cintra ;Santana/Tucuruvi;Santana/Tucuruvi;0;Tarde;Coleta e transporte de entulho e grandes objetos depositados irregularmente nas vias, logradouros  e áreas públicas;24;Parque Domingos Luís, 457 - Jardim São Paulo, São Paulo - SP, 02043-081, Brasil;-23.493288321285526,-46.61496355921444;Adriano Terto dos Santos
14030;13801;Regularizado;11/11/2025 19:17:40;11/11/2025 19:17:34;11/11/2025 21:41:47;SELIMP - Claudio Rogério Ulhoa Cintra ;Santana/Tucuruvi;Santana/Tucuruvi;0;Noite;Coleta e transporte de entulho e grandes objetos depositados irregularmente nas vias, logradouros  e áreas públicas;24;Av. Nova Cantareira, 1236 - Água Fria, São Paulo - SP, 02331-000, Brasil;-23.48409131,-46.61456007;Adriano Terto dos Santos
14031;13802;Regularizado;11/11/2025 19:17:50;11/11/2025 19:17:45;11/11/2025 20:18:46;SELIMP - Claudio Rogério Ulhoa Cintra ;Santana/Tucuruvi;Santana/Tucuruvi;0;Noite;Varrição manual de vias e logradouros públicos;6;Rua Imperatriz, 101 - Vila Pauliceia, São Paulo - SP, 02302-120, Brasil;-23.4853357,-46.6147835;Adriano Terto dos Santos
14032;13803;Regularizado;11/11/2025 19:18:00;11/11/2025 19:17:55;11/11/2025 20:24:56;SELIMP - Claudio Rogério Ulhoa Cintra ;Santana/Tucuruvi;Santana/Tucuruvi;0;Noite;Coleta e transporte de entulho e grandes objetos depositados irregularmente nas vias, logradouros  e áreas públicas;24;Rua Imperatriz, 11 - Vila Pauliceia, São Paulo - SP, 02302-120, Brasil;-23.485974054354458,-46.615505566556806;Adriano Terto dos Santos
14033;13804;Regularizado;11/11/2025 19:18:10;11/11/2025 19:18:04;11/11/2025 20:34:46;SELIMP - Claudio Rogério Ulhoa Cintra ;Santana/Tucuruvi;Santana/Tucuruvi;0;Noite;Varrição manual de vias e logradouros públicos;6;Av. Águas de São Pedro, 280 - Vila Pauliceia, São Paulo - SP, 02302-070, Brasil;-23.4871412,-46.614216;Adriano Terto dos Santos
14170;13909;Regularizado;12/11/2025 09:28:25;12/11/2025 09:27:48;12/11/2025 10:23:37;Vicente Malanga;Santana/Tucuruvi;Santana/Tucuruvi;6;Manhã;Equipe de Mutirão de Zeladoria de Vias e Logradouros Públicos;12;R. Barra Mansa, 345 - Tucuruvi, São Paulo - SP, 02337-040, Brasil;-23.477595237051492,-46.61178435167497;Maiarde de Freitas Nogueira
14185;13924;Regularizado;12/11/2025 09:38:24;12/11/2025 09:37:44;12/11/2025 10:10:08;Vicente Malanga;Santana/Tucuruvi;Santana/Tucuruvi;6;Manhã;Equipe de Mutirão de Zeladoria de Vias e Logradouros Públicos;12;R. Vaz Muniz, 826 - Jardim Franca, São Paulo - SP, 02337-000, Brasil;-23.479530611038534,-46.61341147336307;Maiarde de Freitas Nogueira
14210;13936;Regularizado;12/11/2025 09:49:31;12/11/2025 09:49:24;12/11/2025 10:49:55;Vicente Malanga;Santana/Tucuruvi;Santana/Tucuruvi;;Manhã;Coleta e transporte de entulho e grandes objetos depositados irregularmente nas vias, logradouros  e áreas públicas;24;R. Clementino, 15 - Jardim Paraíso, São Paulo - SP, 02416-040, Brasil;-23.481279086452307,-46.62917147548021;Maiarde de Freitas Nogueira
14234;13955;Regularizado;12/11/2025 10:01:57;12/11/2025 10:01:42;12/11/2025 12:33:14;Vicente Malanga;Santana/Tucuruvi;Santana/Tucuruvi;68;Manhã;Varrição manual de vias e logradouros públicos;6;R. Pelegrino, 24 - Jardim do Colegio (Zona Norte), São Paulo - SP, 02431-140, Brasil;-23.489947757848345,-46.63539853816958;Leandro Correa
14278;13980;Regularizado;12/11/2025 10:18:59;12/11/2025 10:18:40;12/11/2025 11:04:41;Vicente Malanga;Santana/Tucuruvi;Santana/Tucuruvi;70;Manhã;Varrição manual de vias e logradouros públicos;6;R. Ten. Rocha, 418 - Vila Bianca, São Paulo - SP, 02022-110, Brasil;-23.506427036479902,-46.639788913933884;Leandro Correa
14315;13999;Regularizado;12/11/2025 10:30:45;12/11/2025 10:30:31;12/11/2025 12:15:39;Vicente Malanga;Santana/Tucuruvi;Santana/Tucuruvi;1;Manhã;Varrição mecanizada de vias e logradouros públicos;6;R. Dr. César, 638 - Santana, São Paulo - SP, 02013-002, Brasil;-23.50306408034929,-46.63247727558555;Leandro Correa
14634;14224;Regularizado;13/11/2025 09:01:36;13/11/2025 09:01:31;13/11/2025 09:51:19;Vicente Malanga;Santana/Tucuruvi;Santana/Tucuruvi;33;Manhã;Varrição manual de vias e logradouros públicos;6;Av. Mal. Eurico Gaspar Dutra, 1850 - Parada Inglesa, São Paulo - SP, 02239-010, Brasil;-23.484834,-46.6095046;Leandro Correa
14652;14238;Regularizado;13/11/2025 09:08:24;13/11/2025 09:08:18;13/11/2025 12:48:52;Vicente Malanga;Santana/Tucuruvi;Santana/Tucuruvi;;Manhã;Coleta e transporte de entulho e grandes objetos depositados irregularmente nas vias, logradouros  e áreas públicas;24;R. do Tramway, 410 - Tucuruvi, São Paulo - SP, 02303-080, Brasil;-23.48484506183501,-46.61033095649526;João Marques da Silva
14670;14252;Regularizado;13/11/2025 09:14:53;13/11/2025 09:14:46;13/11/2025 09:47:49;Vicente Malanga;Santana/Tucuruvi;Santana/Tucuruvi;32;Manhã;Varrição manual de vias e logradouros públicos;6;R. do Tramway, 912 - Tucuruvi, São Paulo - SP, 02303-080, Brasil;-23.481725054726944,-46.60779326301481;Leandro Correa
14691;14267;Regularizado;13/11/2025 09:32:16;13/11/2025 09:32:09;13/11/2025 09:40:39;Vicente Malanga;Santana/Tucuruvi;Santana/Tucuruvi;23;Manhã;Varrição manual de vias e logradouros públicos;6;Av. Água Fria, 1247 - Tucuruvi, São Paulo - SP, 02333-001, Brasil;-23.477940986562313,-46.62095211361069;Leandro Correa
14716;14286;Regularizado;13/11/2025 09:52:23;13/11/2025 09:52:17;13/11/2025 10:57:29;Vicente Malanga;Santana/Tucuruvi;Santana/Tucuruvi;10;Manhã;Varrição manual de vias e logradouros públicos;6;R. Alfredo Guedes, 182 - Santana, São Paulo - SP, 02034-010, Brasil;-23.506295080375068,-46.624501144744386;Leandro Correa
14842;14368;Regularizado;13/11/2025 11:11:58;13/11/2025 11:11:52;13/11/2025 11:32:34;Vicente Malanga;Santana/Tucuruvi;Santana/Tucuruvi;3;Manhã;Varrição manual de vias e logradouros públicos;6;Rua Massinet Sorcinelli, 16 - Parque Anhembi, São Paulo - SP, 02009-020, Brasil;-23.517015787898394,-46.63465896890014;Matheus Norberto Portela
14844;14370;Regularizado;13/11/2025 11:12:07;13/11/2025 11:12:02;13/11/2025 11:26:55;Vicente Malanga;Santana/Tucuruvi;Santana/Tucuruvi;3;Manhã;Equipe de Mutirão de Zeladoria de Vias e Logradouros Públicos;12;R. Mal. Leitão de Carvalho, 270 - Parque Anhembi, São Paulo - SP, 02009-010, Brasil;-23.5159512674705,-46.63401781739271;Matheus Norberto Portela
15122;14572;Regularizado;14/11/2025 08:46:16;14/11/2025 08:46:11;14/11/2025 11:19:48;Sérgio Roberto da Silva;Vila Maria/Vila Guilherme;Vila Maria/Vila Guilherme;00;Manhã;Coleta e transporte de entulho e grandes objetos depositados irregularmente nas vias, logradouros  e áreas públicas;24;Rua Emanuele Saporiti, 294 - Vila Maria Alta, São Paulo - SP, 02129-070, Brasil;-23.5046721,-46.5887054;Victor Henrique Pereira dos Santos
15141;14582;Regularizado;14/11/2025 09:04:11;14/11/2025 09:04:06;14/11/2025 12:06:52;Sérgio Roberto da Silva;Vila Maria/Vila Guilherme;Vila Maria/Vila Guilherme;00;Manhã;Coleta e transporte de entulho e grandes objetos depositados irregularmente nas vias, logradouros  e áreas públicas;24;R. João Veloso Filho, 1136 - Vila Guilherme, São Paulo - SP, 02056-080, Brasil;-23.518170010385546,-46.598775796774476;Victor Henrique Pereira dos Santos
15146;14587;Regularizado;14/11/2025 09:08:36;14/11/2025 09:08:30;14/11/2025 11:59:45;Sérgio Roberto da Silva;Vila Maria/Vila Guilherme;Vila Maria/Vila Guilherme;00;Manhã;Coleta e transporte de entulho e grandes objetos depositados irregularmente nas vias, logradouros  e áreas públicas;24;R. Canhoneira Belmonte, 04 - Vila Guilherme, São Paulo - SP, 02064-100, Brasil;-23.515786339685828,-46.59591272836426;Victor Henrique Pereira dos Santos
15151;14590;Regularizado;14/11/2025 09:11:15;14/11/2025 09:11:11;14/11/2025 11:00:09;Sérgio Roberto da Silva;Vila Maria/Vila Guilherme;Vila Maria/Vila Guilherme;00;Manhã;Coleta e transporte de entulho e grandes objetos depositados irregularmente nas vias, logradouros  e áreas públicas;24;R. Canhoneira Belmonte, 10 - Vila Guilherme, São Paulo - SP, 02064-100, Brasil;-23.515607967393514,-46.59565544242263;Victor Luiz Barbosa da Silva
15166;14600;Regularizado;14/11/2025 09:19:22;14/11/2025 09:19:16;14/11/2025 10:46:09;Sérgio Roberto da Silva;Vila Maria/Vila Guilherme;Vila Maria/Vila Guilherme;00;Manhã;Coleta e transporte de entulho e grandes objetos depositados irregularmente nas vias, logradouros  e áreas públicas;24;Av. Nadir Dias de Figueiredo, 1300 - Vila Maria Baixa, São Paulo - SP, 02110-000, Brasil;-23.513632168607128,-46.59489765160453;Victor Luiz Barbosa da Silva
15170;14603;Regularizado;14/11/2025 09:22:21;14/11/2025 09:22:15;14/11/2025 18:58:50;Vicente Malanga;Santana/Tucuruvi;Santana/Tucuruvi;;Manhã;Coleta e transporte de entulho e grandes objetos depositados irregularmente nas vias, logradouros  e áreas públicas;24;R. Benjamin Ferreira, 46 - Mandaqui, São Paulo - SP, 02433-110, Brasil;-23.482994608801253,-46.63683757838999;Adriano Terto dos Santos
15198;14624;Regularizado;14/11/2025 09:40:19;14/11/2025 09:40:14;14/11/2025 18:36:14;Vicente Malanga;Santana/Tucuruvi;Santana/Tucuruvi;;Manhã;Coleta e transporte de entulho e grandes objetos depositados irregularmente nas vias, logradouros  e áreas públicas;24;R. Santo Egídio, 289 - Chora Menino, São Paulo - SP, 02461-010, Brasil;-23.49318066826883,-46.637008259152054;Adriano Terto dos Santos
15219;14638;Regularizado;14/11/2025 09:53:19;14/11/2025 09:53:14;14/11/2025 10:59:00;Vicente Malanga;Santana/Tucuruvi;Santana/Tucuruvi;69;Manhã;Varrição manual de vias e logradouros públicos;6;Av. Imirim, 161 - Parque Peruche, São Paulo - SP, 02539-000, Brasil;-23.4973417216411,-46.63810083328562;Huque Souza Santos
15220;14639;Regularizado;14/11/2025 09:54:50;14/11/2025 09:54:44;14/11/2025 12:30:53;Sérgio Roberto da Silva;Vila Maria/Vila Guilherme;Vila Maria/Vila Guilherme;00;Manhã;Coleta e transporte de entulho e grandes objetos depositados irregularmente nas vias, logradouros  e áreas públicas;24;Av. das Cerejeiras, 14f - Jardim Japao, São Paulo - SP, 02132-150, Brasil;-23.5026617,-46.5733167;Victor Luiz Barbosa da Silva
15239;14653;Regularizado;14/11/2025 10:07:25;14/11/2025 10:07:20;14/11/2025 18:36:11;Vicente Malanga;Santana/Tucuruvi;Santana/Tucuruvi;;Manhã;Coleta e transporte de entulho e grandes objetos depositados irregularmente nas vias, logradouros  e áreas públicas;24;Tv. Fernando Aldana, 403 - Chora Menino, São Paulo - SP, 02462-130, Brasil;-23.493799073032214,-46.64120525811758;Adriano Terto dos Santos
15274;14674;Regularizado;14/11/2025 10:23:41;14/11/2025 10:23:37;14/11/2025 10:38:16;Vicente Malanga;Santana/Tucuruvi;Santana/Tucuruvi;70;Manhã;Varrição mecanizada de vias e logradouros públicos;6;R. Heliodora, 183 - Santana, São Paulo - SP, 02022-050, Brasil;-23.5044928,-46.6402496;Leandro Correa
15286;14683;Regularizado;14/11/2025 10:38:10;14/11/2025 10:38:04;14/11/2025 10:44:51;Vicente Malanga;Santana/Tucuruvi;Santana/Tucuruvi;1;Manhã;Varrição manual de vias e logradouros públicos;6;R. Carlos Escobar, 324 - Santana, São Paulo - SP, 02013-050, Brasil;-23.500509430162317,-46.634983048070374;Leandro Correa
15294;14688;Regularizado;14/11/2025 10:42:48;14/11/2025 10:42:43;14/11/2025 18:07:39;Vicente Malanga;Santana/Tucuruvi;Santana/Tucuruvi;1;Manhã;Coleta e transporte de entulho e grandes objetos depositados irregularmente nas vias, logradouros  e áreas públicas;24;R. Alfredo Pujol, 923 - Santana, São Paulo - SP, 02017-011, Brasil;-23.50035753356979,-46.63505101841537;Adriano Terto dos Santos
15409;14736;Regularizado;14/11/2025 12:53:04;14/11/2025 12:52:59;14/11/2025 15:15:46;Sérgio Roberto da Silva;Vila Maria/Vila Guilherme;Vila Maria/Vila Guilherme;00;Tarde;Coleta e transporte de entulho e grandes objetos depositados irregularmente nas vias, logradouros  e áreas públicas;24;R. Dr. Afrodísio Vidigal, 490 - Vila Maria Alta, São Paulo - SP, 02133-040, Brasil;-23.5008787,-46.5863095;Marcos Aurélio Silva do Prado
15414;14738;Regularizado;14/11/2025 13:10:06;14/11/2025 13:10:00;14/11/2025 14:48:28;Sérgio Roberto da Silva;Vila Maria/Vila Guilherme;Vila Maria/Vila Guilherme;00;Tarde;Coleta e transporte de entulho e grandes objetos depositados irregularmente nas vias, logradouros  e áreas públicas;24;R. Volter Volthers, 28 - Vila Maria Alta, São Paulo - SP, 02129-010, Brasil;-23.5017283,-46.5882286;Marcos Aurélio Silva do Prado
15436;14747;Regularizado;14/11/2025 14:11:28;14/11/2025 14:11:20;14/11/2025 16:59:23;Sérgio Roberto da Silva;Vila Maria/Vila Guilherme;Vila Maria/Vila Guilherme;00;Tarde;Coleta e transporte de entulho e grandes objetos depositados irregularmente nas vias, logradouros  e áreas públicas;24;R. Gastão Madeira, 75 - Vila Maria Alta, São Paulo - SP, 02131-080, Brasil;-23.5052574,-46.5874506;Marcos Aurélio Silva do Prado
15447;14757;Regularizado;14/11/2025 14:15:22;14/11/2025 14:15:16;14/11/2025 16:05:33;Sérgio Roberto da Silva;Vila Maria/Vila Guilherme;Vila Maria/Vila Guilherme;00;Tarde;Coleta e transporte de entulho e grandes objetos depositados irregularmente nas vias, logradouros  e áreas públicas;24;R. Srg. Agostinho Ferreira, 1117 - Vila Maria, São Paulo - SP, 02129-001, Brasil;-23.5040424,-46.5844072;Marcos Aurélio Silva do Prado
15455;14764;Regularizado;14/11/2025 14:21:49;14/11/2025 14:21:43;14/11/2025 16:47:32;Sérgio Roberto da Silva;Vila Maria/Vila Guilherme;Vila Maria/Vila Guilherme;00;Tarde;Coleta e transporte de entulho e grandes objetos depositados irregularmente nas vias, logradouros  e áreas públicas;24;R. Sobral Júnior, 129 - Vila Maria, São Paulo - SP, 02130-020, Brasil;-23.506556105491757,-46.585802671688064;Marcos Aurélio Silva do Prado
15457;14765;Regularizado;14/11/2025 14:25:46;14/11/2025 14:25:41;14/11/2025 17:11:53;Sérgio Roberto da Silva;Vila Maria/Vila Guilherme;Vila Maria/Vila Guilherme;00;Tarde;Coleta e transporte de entulho e grandes objetos depositados irregularmente nas vias, logradouros  e áreas públicas;24;R. Porangatu, 180 - Vila Maria Alta, São Paulo - SP, 02129-060, Brasil;-23.5050234,-46.5904106;Marcos Aurélio Silva do Prado
15461;14768;Regularizado;14/11/2025 14:30:46;14/11/2025 14:30:41;14/11/2025 15:51:56;Sérgio Roberto da Silva;Vila Maria/Vila Guilherme;Vila Maria/Vila Guilherme;00;Tarde;Coleta e transporte de entulho e grandes objetos depositados irregularmente nas vias, logradouros  e áreas públicas;24;R. Srg. Agostinho Ferreira, 946 - Vila Maria Alta, São Paulo - SP, 02129-001, Brasil;-23.50386455255881,-46.58579747086168;Marcos Aurélio Silva do Prado
15469;14774;Regularizado;14/11/2025 14:33:25;14/11/2025 14:33:20;14/11/2025 15:41:57;Sérgio Roberto da Silva;Vila Maria/Vila Guilherme;Vila Maria/Vila Guilherme;00;Tarde;Coleta e transporte de entulho e grandes objetos depositados irregularmente nas vias, logradouros  e áreas públicas;24;Rua Santa Maria Goretti, 200 - Vila Maria Alta, São Paulo - SP, 02131-110, Brasil;-23.50243665418631,-46.58656352018715;Marcos Aurélio Silva do Prado
15487;14789;Regularizado;14/11/2025 14:36:56;14/11/2025 14:36:50;14/11/2025 15:28:32;Sérgio Roberto da Silva;Vila Maria/Vila Guilherme;Vila Maria/Vila Guilherme;00;Tarde;Coleta e transporte de entulho e grandes objetos depositados irregularmente nas vias, logradouros  e áreas públicas;24;R. Dr. Afrodísio Vidigal, 293 - Vila Maria Alta, São Paulo - SP, 02133-040, Brasil;-23.501340551339872,-46.58497843102922;Marcos Aurélio Silva do Prado
15492;14794;Regularizado;14/11/2025 14:41:30;14/11/2025 14:41:25;14/11/2025 17:22:23;Sérgio Roberto da Silva;Vila Maria/Vila Guilherme;Vila Maria/Vila Guilherme;00;Tarde;Coleta e transporte de entulho e grandes objetos depositados irregularmente nas vias, logradouros  e áreas públicas;24;Av. Belisário Pena, 331 - Vila Maria Alta, São Paulo - SP, 02133-000, Brasil;-23.4991096,-46.5841029;Marcos Aurélio Silva do Prado
15494;14796;Regularizado;14/11/2025 14:43:48;14/11/2025 14:43:43;14/11/2025 17:38:54;Sérgio Roberto da Silva;Vila Maria/Vila Guilherme;Vila Maria/Vila Guilherme;00;Tarde;Coleta e transporte de entulho e grandes objetos depositados irregularmente nas vias, logradouros  e áreas públicas;24;Av. Belisário Pena, 353 - Vila Maria Alta, São Paulo - SP, 02133-000, Brasil;-23.4991645,-46.5839598;Marcos Aurélio Silva do Prado
15496;14798;Regularizado;14/11/2025 14:46:15;14/11/2025 14:46:10;14/11/2025 17:49:40;Sérgio Roberto da Silva;Vila Maria/Vila Guilherme;Vila Maria/Vila Guilherme;00;Tarde;Coleta e transporte de entulho e grandes objetos depositados irregularmente nas vias, logradouros  e áreas públicas;24;Av. Belisário Pena, 616 - Vila Maria Alta, São Paulo - SP, 02133-000, Brasil;-23.4977328,-46.5846695;Marcos Aurélio Silva do Prado
15500;14802;Regularizado;14/11/2025 14:48:24;14/11/2025 14:48:20;14/11/2025 18:04:32;Sérgio Roberto da Silva;Vila Maria/Vila Guilherme;Vila Maria/Vila Guilherme;00;Tarde;Coleta e transporte de entulho e grandes objetos depositados irregularmente nas vias, logradouros  e áreas públicas;24;Av. Belisário Pena, 849 - Vila Maria Alta, São Paulo - SP, 02133-000, Brasil;-23.4967924,-46.5836964;Marcos Aurélio Silva do Prado
15503;14805;Regularizado;14/11/2025 14:50:39;14/11/2025 14:50:34;14/11/2025 18:10:33;Sérgio Roberto da Silva;Vila Maria/Vila Guilherme;Vila Maria/Vila Guilherme;00;Tarde;Coleta e transporte de entulho e grandes objetos depositados irregularmente nas vias, logradouros  e áreas públicas;24;Av. Belisário Pena, 1037 - Vila Maria Alta, São Paulo - SP, 02133-000, Brasil;-23.496301881917706,-46.58224162770689;Marcos Aurélio Silva do Prado
15549;14836;Regularizado;14/11/2025 16:15:57;14/11/2025 16:15:44;14/11/2025 18:30:50;Sérgio Roberto da Silva;Vila Maria/Vila Guilherme;Vila Maria/Vila Guilherme;00;Tarde;Coleta e transporte de entulho e grandes objetos depositados irregularmente nas vias, logradouros  e áreas públicas;24;Av. Dr. Benedito Estevam dos Santos, 1290 - Vila Maria Alta, São Paulo - SP, 02136-000, Brasil;-23.496762431554792,-46.58058615629326;Marcos Aurélio Silva do Prado
15574;14885;Regularizado;17/11/2025 06:26:06;17/11/2025 06:26:01;17/11/2025 08:30:08;Sérgio Roberto da Silva;Vila Maria/Vila Guilherme;Vila Maria/Vila Guilherme;00;Manhã;Coleta e transporte de entulho e grandes objetos depositados irregularmente nas vias, logradouros  e áreas públicas;24;Av. Dr. Benedito Estevam dos Santos, 1158 - Vila Maria Alta, São Paulo - SP, 02136-000, Brasil;-23.497069,-46.5816803;Jeferson Alexandre Anacleto
15575;14886;Regularizado;17/11/2025 06:29:01;17/11/2025 06:28:55;17/11/2025 08:36:26;Sérgio Roberto da Silva;Vila Maria/Vila Guilherme;Vila Maria/Vila Guilherme;00;Manhã;Coleta e transporte de entulho e grandes objetos depositados irregularmente nas vias, logradouros  e áreas públicas;24;Av. Dr. Benedito Estevam dos Santos, 1046 - Vila Maria Alta, São Paulo - SP, 02136-000, Brasil;-23.4975612,-46.5827605;Jeferson Alexandre Anacleto
15576;14887;Regularizado;17/11/2025 06:31:03;17/11/2025 06:30:58;17/11/2025 08:38:23;Sérgio Roberto da Silva;Vila Maria/Vila Guilherme;Vila Maria/Vila Guilherme;00;Manhã;Coleta e transporte de entulho e grandes objetos depositados irregularmente nas vias, logradouros  e áreas públicas;24;Av. Dr. Benedito Estevam dos Santos, 1046 - Vila Maria Alta, São Paulo - SP, 02136-000, Brasil;-23.4975951,-46.5828147;Jeferson Alexandre Anacleto
15577;14888;Regularizado;17/11/2025 06:34:27;17/11/2025 06:34:23;17/11/2025 08:42:12;Sérgio Roberto da Silva;Vila Maria/Vila Guilherme;Vila Maria/Vila Guilherme;00;Manhã;Coleta e transporte de entulho e grandes objetos depositados irregularmente nas vias, logradouros  e áreas públicas;24;Av. Dr. Benedito Estevam dos Santos, 833 - Vila Maria Alta, São Paulo - SP, 02136-000, Brasil;-23.4985536,-46.5827293;Jeferson Alexandre Anacleto
15578;14889;Regularizado;17/11/2025 06:40:28;17/11/2025 06:40:22;17/11/2025 08:58:00;Sérgio Roberto da Silva;Vila Maria/Vila Guilherme;Vila Maria/Vila Guilherme;00;Manhã;Coleta e transporte de entulho e grandes objetos depositados irregularmente nas vias, logradouros  e áreas públicas;24;R. Emile Verhaeren, 256 - Vila Maria Alta, São Paulo - SP, 02133-020, Brasil;-23.4987257,-46.5856836;Victor Luiz Barbosa da Silva
15580;14891;Regularizado;17/11/2025 06:44:12;17/11/2025 06:44:07;17/11/2025 09:05:55;Sérgio Roberto da Silva;Vila Maria/Vila Guilherme;Vila Maria/Vila Guilherme;00;Manhã;Coleta e transporte de entulho e grandes objetos depositados irregularmente nas vias, logradouros  e áreas públicas;24;Praça Marcelino Machado, 190 - Vila Maria Alta, São Paulo - SP, 02134-030, Brasil;-23.4978949,-46.5858021;Jeferson Alexandre Anacleto
15581;14892;Regularizado;17/11/2025 06:46:10;17/11/2025 06:46:04;17/11/2025 09:14:07;Sérgio Roberto da Silva;Vila Maria/Vila Guilherme;Vila Maria/Vila Guilherme;00;Manhã;Coleta e transporte de entulho e grandes objetos depositados irregularmente nas vias, logradouros  e áreas públicas;24;R. Padre Sabóia de Medeiros, 521 - Vila Maria Alta, São Paulo - SP, 02134-000, Brasil;-23.497714740823103,-46.58620918831239;Jeferson Alexandre Anacleto
15582;14893;Regularizado;17/11/2025 06:50:28;17/11/2025 06:50:22;17/11/2025 09:18:18;Sérgio Roberto da Silva;Vila Maria/Vila Guilherme;Vila Maria/Vila Guilherme;00;Manhã;Coleta e transporte de entulho e grandes objetos depositados irregularmente nas vias, logradouros  e áreas públicas;24;R. Padre Sabóia de Medeiros, 321 - Vila Maria Alta, São Paulo - SP, 02134-000, Brasil;-23.4989537,-46.5878232;Jeferson Alexandre Anacleto
15583;14894;Regularizado;17/11/2025 06:55:12;17/11/2025 06:55:05;17/11/2025 09:28:32;Sérgio Roberto da Silva;Vila Maria/Vila Guilherme;Vila Maria/Vila Guilherme;00;Manhã;Coleta e transporte de entulho e grandes objetos depositados irregularmente nas vias, logradouros  e áreas públicas;24;Av. Alberto Byington, 1769 - Vila Maria, São Paulo - SP, 02127-030, Brasil;-23.5006449,-46.5895584;Jeferson Alexandre Anacleto
15584;14895;Regularizado;17/11/2025 07:40:23;17/11/2025 07:40:13;17/11/2025 10:22:36;Sérgio Roberto da Silva;Vila Maria/Vila Guilherme;Vila Maria/Vila Guilherme;00;Manhã;Coleta e transporte de entulho e grandes objetos depositados irregularmente nas vias, logradouros  e áreas públicas;24;Av. Dr. Benedito Estevam dos Santos, 526 - Vila Maria Alta, São Paulo - SP, 02136-000, Brasil;-23.4998748,-46.5848413;Jeferson Alexandre Anacleto
15589;14896;Regularizado;17/11/2025 08:06:54;17/11/2025 08:06:48;17/11/2025 09:38:15;Sérgio Roberto da Silva;Vila Maria/Vila Guilherme;Vila Maria/Vila Guilherme;00;Manhã;Coleta e transporte de entulho e grandes objetos depositados irregularmente nas vias, logradouros  e áreas públicas;24;R. Joaquim Rodrigues Costa, 25 - Vila Maria Alta, São Paulo - SP, 02133-030, Brasil;-23.5009974,-46.5871723;Jeferson Alexandre Anacleto
15616;14917;Regularizado;17/11/2025 08:37:55;17/11/2025 08:37:47;17/11/2025 11:01:08;Vicente Malanga;Santana/Tucuruvi;Santana/Tucuruvi;22;Manhã;Varrição manual de vias e logradouros públicos;6;Av. Tucuruvi, 874 - Vila Gustavo, São Paulo - SP, 02304-002, Brasil;-23.481511952241597,-46.60325399229868;Leandro Correa
15658;14949;Regularizado;17/11/2025 08:53:05;17/11/2025 08:53:00;17/11/2025 10:33:51;João Batista Gomes de Souza;Vila Maria/Vila Guilherme;Vila Maria/Vila Guilherme;00;Manhã;Coleta e transporte de entulho e grandes objetos depositados irregularmente nas vias, logradouros  e áreas públicas;24;R. Rev. Israel Vieira Ferreira, 55 - Vila Medeiros, São Paulo - SP, 02215-000, Brasil;-23.4946333,-46.58162;Jeferson Alexandre Anacleto
15670;14961;Regularizado;17/11/2025 08:57:15;17/11/2025 08:57:08;17/11/2025 09:57:58;Sérgio Roberto da Silva;Vila Maria/Vila Guilherme;Vila Maria/Vila Guilherme;00;Manhã;Coleta e transporte de entulho e grandes objetos depositados irregularmente nas vias, logradouros  e áreas públicas;24;R. Moreira de Vasconcelos, 401 - Vila Maria Alta, São Paulo - SP, 02131-090, Brasil;-23.5038859,-46.5838707;Jeferson Alexandre Anacleto
15686;14978;Regularizado;17/11/2025 09:01:28;17/11/2025 09:01:22;17/11/2025 10:11:14;Sérgio Roberto da Silva;Vila Maria/Vila Guilherme;Vila Maria/Vila Guilherme;00;Manhã;Coleta e transporte de entulho e grandes objetos depositados irregularmente nas vias, logradouros  e áreas públicas;24;R. Dona Albertina Domingos, 4 - Vila Maria Alta, São Paulo - SP, 02129-100, Brasil;-23.5053629,-46.5858715;Jeferson Alexandre Anacleto
15692;14982;Regularizado;17/11/2025 09:03:08;17/11/2025 09:03:01;17/11/2025 10:22:15;Vicente Malanga;Santana/Tucuruvi;Santana/Tucuruvi;28;Manhã;Varrição manual de vias e logradouros públicos;6;Rua Dr. Moacyr Vaz de Andrade, 531 - Vila Gustavo, São Paulo - SP, 02268-005, Brasil;-23.473262984684602,-46.59778489056429;Huque Souza Santos
15726;15011;Regularizado;17/11/2025 09:17:40;17/11/2025 09:17:34;17/11/2025 13:28:35;Vicente Malanga;Santana/Tucuruvi;Santana/Tucuruvi;12;Manhã;Coleta e transporte de entulho e grandes objetos depositados irregularmente nas vias, logradouros  e áreas públicas;24;Viela 01 e 02 da Segunda Comunidade, 4 - Vila Mazzei, São Paulo - SP, 02240-000, Brasil;-23.476531941493917,-46.600795178262665;Huque Souza Santos
15731;15015;Regularizado;17/11/2025 09:19:47;17/11/2025 09:19:41;17/11/2025 10:38:53;Vicente Malanga;Santana/Tucuruvi;Santana/Tucuruvi;12;Manhã;Varrição manual de vias e logradouros públicos;6;Viela da Terceira Comunidade, 3 - Vila Mazzei, São Paulo - SP, 02240-000, Brasil;-23.47670451087055,-46.600925917956154;Leandro Correa
15756;15032;Regularizado;17/11/2025 09:26:40;17/11/2025 09:26:32;17/11/2025 09:55:20;Vicente Malanga;Santana/Tucuruvi;Santana/Tucuruvi;31;Manhã;Varrição manual de vias e logradouros públicos;6;R. Claudino Inácio Joaquim, 320 - SALA 8 - Vila Mazzei, São Paulo - SP, 02308-130, Brasil;-23.479952352656532,-46.60425500243046;Huque Souza Santos
15771;15043;Regularizado;17/11/2025 09:31:15;17/11/2025 09:31:10;17/11/2025 11:05:36;Vicente Malanga;Santana/Tucuruvi;Santana/Tucuruvi;;Manhã;Coleta e transporte de entulho e grandes objetos depositados irregularmente nas vias, logradouros  e áreas públicas;24;Av. Mazzei, 10 - Vila Mazzei, São Paulo - SP, 02310-000, Brasil;-23.478860088730425,-46.60733188850042;Matheus Norberto Portela
15780;15050;Regularizado;17/11/2025 09:33:45;17/11/2025 09:33:39;17/11/2025 12:54:32;João Batista Gomes de Souza;Vila Maria/Vila Guilherme;Vila Maria/Vila Guilherme;00;Manhã;Coleta e transporte de entulho e grandes objetos depositados irregularmente nas vias, logradouros  e áreas públicas;24;Alameda Sargento Assad Feres, 35 - Parque Novo Mundo, São Paulo - SP, 02176-030, Brasil;-23.513546938296916,-46.57150952589074;Jeferson Alexandre Anacleto
15835;15092;Regularizado;17/11/2025 09:49:34;17/11/2025 09:49:28;17/11/2025 11:16:14;Vicente Malanga;Santana/Tucuruvi;Santana/Tucuruvi;38;Manhã;Varrição manual de vias e logradouros públicos;6;Rua Careaçu, 196 - Jardim Franca, São Paulo - SP, 02339-000, Brasil;-23.477587457588914,-46.61772091282368;Leandro Correa
15852;15103;Regularizado;17/11/2025 09:56:12;17/11/2025 09:56:06;17/11/2025 11:23:07;Vicente Malanga;Santana/Tucuruvi;Santana/Tucuruvi;23;Manhã;Varrição manual de vias e logradouros públicos;6;Av. Água Fria, 1842 - Santana, São Paulo - SP, 02332-001, Brasil;-23.47329039814574,-46.61817476000255;Leandro Correa
15861;15110;Regularizado;17/11/2025 10:01:10;17/11/2025 10:01:04;17/11/2025 12:59:37;João Batista Gomes de Souza;Vila Maria/Vila Guilherme;Vila Maria/Vila Guilherme;00;Manhã;Coleta e transporte de entulho e grandes objetos depositados irregularmente nas vias, logradouros  e áreas públicas;24;R. Sd. Aristides Gouveia, 46a - Parque Novo Mundo, São Paulo - SP, 02188-090, Brasil;-23.510842845472776,-46.56843068393975;Jeferson Alexandre Anacleto
15898;15145;Regularizado;17/11/2025 10:13:07;17/11/2025 10:13:00;17/11/2025 11:29:23;Vicente Malanga;Santana/Tucuruvi;Santana/Tucuruvi;6;Manhã;Varrição manual de vias e logradouros públicos;6;Rua César Muzzio, 56 - Vila Vitorio Mazzei, São Paulo - SP, 02409-020, Brasil;-23.47923,-46.625355;Leandro Correa
15919;15159;Regularizado;17/11/2025 10:21:05;17/11/2025 10:20:56;17/11/2025 13:25:29;Vicente Malanga;Santana/Tucuruvi;Santana/Tucuruvi;;Manhã;Coleta e transporte de entulho e grandes objetos depositados irregularmente nas vias, logradouros  e áreas públicas;24;Av. Daniel Malettini, 744 - Vila Aurora (Zona Norte), São Paulo - SP, 02411-000, Brasil;-23.473605688534924,-46.62532392719136;Leandro Correa
15991;15203;Regularizado;17/11/2025 10:37:59;17/11/2025 10:37:50;17/11/2025 11:59:38;Vicente Malanga;Santana/Tucuruvi;Santana/Tucuruvi;;Manhã;Coleta e transporte de entulho e grandes objetos depositados irregularmente nas vias, logradouros  e áreas públicas;24;Travessa Barão de Silva Nunes, 105 - Vila Romero, São Paulo - SP, 02469-127, Brasil;-23.487178891089147,-46.64662826310667;Matheus Norberto Portela
16035;15232;Regularizado;17/11/2025 10:58:19;17/11/2025 10:58:11;17/11/2025 11:42:40;Vicente Malanga;Santana/Tucuruvi;Santana/Tucuruvi;72;Manhã;Varrição manual de vias e logradouros públicos;6;R. Cap. Amaral, 116 - Santana, São Paulo - SP, 02020-080, Brasil;-23.49355731721165,-46.63363000886502;Leandro Correa
16067;15254;Regularizado;17/11/2025 11:07:58;17/11/2025 11:07:51;17/11/2025 11:36:01;Vicente Malanga;Santana/Tucuruvi;Santana/Tucuruvi;73;Manhã;Varrição manual de vias e logradouros públicos;6;Rua Alphonsus de Guimaraens, 106 - Santana, São Paulo - SP, 02404-030, Brasil;-23.492659180518203,-46.62799499094736;Leandro Correa
16137;15287;Regularizado;17/11/2025 11:29:36;17/11/2025 11:29:29;17/11/2025 13:17:47;Vicente Malanga;Santana/Tucuruvi;Santana/Tucuruvi;;Manhã;Coleta e transporte de entulho e grandes objetos depositados irregularmente nas vias, logradouros  e áreas públicas;24;Av. Luiz Dumont Villares, 2211 - Parada Inglesa, São Paulo - SP, 02085-100, Brasil;-23.482380309088807,-46.60616816692695;Huque Souza Santos
16212;15338;Regularizado;17/11/2025 12:43:56;17/11/2025 12:43:50;17/11/2025 14:51:56;Sérgio Roberto da Silva;Vila Maria/Vila Guilherme;Vila Maria/Vila Guilherme;00;Tarde;Coleta e transporte de entulho e grandes objetos depositados irregularmente nas vias, logradouros  e áreas públicas;24;R. Emile Verhaeren, 268 - Vila Maria Alta, São Paulo - SP, 02133-020, Brasil;-23.4987372,-46.5855633;Marcos Aurélio Silva do Prado
16217;15342;Regularizado;17/11/2025 13:32:03;17/11/2025 13:31:57;17/11/2025 17:19:12;Sérgio Roberto da Silva;Vila Maria/Vila Guilherme;Vila Maria/Vila Guilherme;00;Tarde;Coleta e transporte de entulho e grandes objetos depositados irregularmente nas vias, logradouros  e áreas públicas;24;R. Vianópolis, 327 - Vila Maria Alta, São Paulo - SP, 02131-050, Brasil;-23.5041474,-46.5831518;Marcos Aurélio Silva do Prado
16218;15343;Regularizado;17/11/2025 13:36:03;17/11/2025 13:35:57;17/11/2025 19:09:33;Sérgio Roberto da Silva;Vila Maria/Vila Guilherme;Vila Maria/Vila Guilherme;00;Tarde;Coleta e transporte de entulho e grandes objetos depositados irregularmente nas vias, logradouros  e áreas públicas;24;R. Samurais, 873a - Vila Maria Alta, São Paulo - SP, 02130-080, Brasil;-23.5065448752609,-46.58568255940397;Marcos Aurélio Silva do Prado
16219;15344;Regularizado;17/11/2025 13:39:07;17/11/2025 13:39:01;17/11/2025 20:47:17;Sérgio Roberto da Silva;Vila Maria/Vila Guilherme;Vila Maria/Vila Guilherme;00;Tarde;Coleta e transporte de entulho e grandes objetos depositados irregularmente nas vias, logradouros  e áreas públicas;24;R. Sobral Júnior, 561 - Vila Maria Alta, São Paulo - SP, 02130-020, Brasil;-23.5053767,-46.5897633;Ednilson Gomes Santiago
16220;15345;Regularizado;17/11/2025 13:44:34;17/11/2025 13:44:28;17/11/2025 17:37:32;Sérgio Roberto da Silva;Vila Maria/Vila Guilherme;Vila Maria/Vila Guilherme;00;Tarde;Coleta e transporte de entulho e grandes objetos depositados irregularmente nas vias, logradouros  e áreas públicas;24;R. Srg. Agostinho Ferreira, 914 - Vila Maria Alta, São Paulo - SP, 02129-001, Brasil;-23.5040567,-46.5858183;Marcos Aurélio Silva do Prado
16224;15346;Regularizado;17/11/2025 13:46:29;17/11/2025 13:46:23;17/11/2025 17:46:01;Sérgio Roberto da Silva;Vila Maria/Vila Guilherme;Vila Maria/Vila Guilherme;00;Tarde;Coleta e transporte de entulho e grandes objetos depositados irregularmente nas vias, logradouros  e áreas públicas;24;Rua Santa Maria Goretti, 213a - Vila Maria Alta, São Paulo - SP, 02131-110, Brasil;-23.5024,-46.5866467;Marcos Aurélio Silva do Prado
16226;15347;Regularizado;17/11/2025 13:48:58;17/11/2025 13:48:52;17/11/2025 18:08:48;Sérgio Roberto da Silva;Vila Maria/Vila Guilherme;Vila Maria/Vila Guilherme;00;Tarde;Coleta e transporte de entulho e grandes objetos depositados irregularmente nas vias, logradouros  e áreas públicas;24;Tv. Escravo Alexandre da Silva, 2 - Jardim Japao, São Paulo - SP, 02133-045, Brasil;-23.501317810502627,-46.584985553852455;Marcos Aurélio Silva do Prado
16227;15348;Regularizado;17/11/2025 13:52:22;17/11/2025 13:52:15;17/11/2025 15:05:08;Sérgio Roberto da Silva;Vila Maria/Vila Guilherme;Vila Maria/Vila Guilherme;00;Tarde;Coleta e transporte de entulho e grandes objetos depositados irregularmente nas vias, logradouros  e áreas públicas;24;Av. Belisário Pena, 496 - Vila Maria Alta, São Paulo - SP, 02133-000, Brasil;-23.49833,-46.5837233;Marcos Aurélio Silva do Prado
16228;15349;Regularizado;17/11/2025 13:53:56;17/11/2025 13:53:50;17/11/2025 15:12:32;Sérgio Roberto da Silva;Vila Maria/Vila Guilherme;Vila Maria/Vila Guilherme;00;Tarde;Coleta e transporte de entulho e grandes objetos depositados irregularmente nas vias, logradouros  e áreas públicas;24;Av. Belisário Pena, 548 - Vila Maria Alta, São Paulo - SP, 02133-000, Brasil;-23.4980883,-46.5841283;Marcos Aurélio Silva do Prado
16231;15351;Regularizado;17/11/2025 13:56:57;17/11/2025 13:56:47;17/11/2025 15:19:25;Sérgio Roberto da Silva;Vila Maria/Vila Guilherme;Vila Maria/Vila Guilherme;00;Tarde;Coleta e transporte de entulho e grandes objetos depositados irregularmente nas vias, logradouros  e áreas públicas;24;Av. Belisário Pena, 677 - Vila Maria Alta, São Paulo - SP, 02133-000, Brasil;-23.4974133,-46.5851183;Marcos Aurélio Silva do Prado
16232;15352;Regularizado;17/11/2025 13:58:15;17/11/2025 13:58:09;17/11/2025 15:27:21;Sérgio Roberto da Silva;Vila Maria/Vila Guilherme;Vila Maria/Vila Guilherme;00;Tarde;Coleta e transporte de entulho e grandes objetos depositados irregularmente nas vias, logradouros  e áreas públicas;24;R. Maria José Barroso, 26 - Vila Maria Alta, São Paulo - SP, 02136-020, Brasil;-23.497351819441743,-46.58471320710544;Marcos Aurélio Silva do Prado
16234;15353;Regularizado;17/11/2025 14:00:54;17/11/2025 14:00:48;17/11/2025 15:40:38;Sérgio Roberto da Silva;Vila Maria/Vila Guilherme;Vila Maria/Vila Guilherme;00;Tarde;Coleta e transporte de entulho e grandes objetos depositados irregularmente nas vias, logradouros  e áreas públicas;24;Av. Belisário Pena, 779 - Vila Maria Alta, São Paulo - SP, 02133-000, Brasil;-23.4966384,-46.5844131;Marcos Aurélio Silva do Prado
16236;15355;Regularizado;17/11/2025 14:03:11;17/11/2025 14:03:06;17/11/2025 15:53:14;Sérgio Roberto da Silva;Vila Maria/Vila Guilherme;Vila Maria/Vila Guilherme;00;Tarde;Coleta e transporte de entulho e grandes objetos depositados irregularmente nas vias, logradouros  e áreas públicas;24;R. Padre Sabóia de Medeiros, 1057 - Vila Maria Alta, São Paulo - SP, 02134-001, Brasil;-23.495907999808523,-46.58223064647263;Marcos Aurélio Silva do Prado
16239;15357;Regularizado;17/11/2025 14:06:13;17/11/2025 14:06:05;17/11/2025 16:09:41;Sérgio Roberto da Silva;Vila Maria/Vila Guilherme;Vila Maria/Vila Guilherme;00;Tarde;Coleta e transporte de entulho e grandes objetos depositados irregularmente nas vias, logradouros  e áreas públicas;24;Av. Belisário Pena, 1239 - Vila Maria Alta, São Paulo - SP, 02133-000, Brasil;-23.495029453035716,-46.58331576207219;Marcos Aurélio Silva do Prado
16242;15360;Regularizado;17/11/2025 14:08:02;17/11/2025 14:07:55;17/11/2025 16:21:44;Sérgio Roberto da Silva;Vila Maria/Vila Guilherme;Vila Maria/Vila Guilherme;00;Tarde;Coleta e transporte de entulho e grandes objetos depositados irregularmente nas vias, logradouros  e áreas públicas;24;Av. Conceição, 3544 - Vila Maria Alta, São Paulo - SP, 02135-001, Brasil;-23.49480463039528,-46.58329689001841;Ednilson Gomes Santiago
16251;15369;Regularizado;17/11/2025 14:14:15;17/11/2025 14:14:10;17/11/2025 17:01:12;Sérgio Roberto da Silva;Vila Maria/Vila Guilherme;Vila Maria/Vila Guilherme;00;Tarde;Coleta e transporte de entulho e grandes objetos depositados irregularmente nas vias, logradouros  e áreas públicas;24;R. Yamato, 603 - Jardim Japao, São Paulo - SP, 02132-120, Brasil;-23.5009367,-46.573845;Marcos Aurélio Silva do Prado
16257;15375;Regularizado;17/11/2025 14:18:44;17/11/2025 14:18:38;17/11/2025 16:43:06;Sérgio Roberto da Silva;Vila Maria/Vila Guilherme;Vila Maria/Vila Guilherme;00;Tarde;Coleta e transporte de entulho e grandes objetos depositados irregularmente nas vias, logradouros  e áreas públicas;24;Praça Yedo, 212 - Vila Maria Alta, São Paulo - SP, 02134-050, Brasil;-23.4996717,-46.5744233;Marcos Aurélio Silva do Prado
16266;15379;Regularizado;17/11/2025 14:21:13;17/11/2025 14:21:04;17/11/2025 16:38:15;Sérgio Roberto da Silva;Vila Maria/Vila Guilherme;Vila Maria/Vila Guilherme;00;Tarde;Coleta e transporte de entulho e grandes objetos depositados irregularmente nas vias, logradouros  e áreas públicas;24;Praça Yedo, 248 - Vila Maria Alta, São Paulo - SP, 02134-050, Brasil;-23.4996107,-46.5746997;Marcos Aurélio Silva do Prado
16300;15414;Regularizado;17/11/2025 14:51:48;17/11/2025 14:51:41;17/11/2025 18:25:23;Sérgio Roberto da Silva;Vila Maria/Vila Guilherme;Vila Maria/Vila Guilherme;00;Tarde;Coleta e transporte de entulho e grandes objetos depositados irregularmente nas vias, logradouros  e áreas públicas;24;Av. Alberto Byington, 1846 - Vila Maria, São Paulo - SP, 02127-001, Brasil;-23.5009485,-46.5885698;Marcos Aurélio Silva do Prado
16311;15420;Regularizado;17/11/2025 15:02:05;17/11/2025 15:02:00;17/11/2025 18:17:01;Vicente Malanga;Santana/Tucuruvi;Santana/Tucuruvi;;Tarde;Coleta e transporte de entulho e grandes objetos depositados irregularmente nas vias, logradouros  e áreas públicas;24;Av. Adolfo Coelho, 341 - Lauzane Paulista, São Paulo - SP, 02443-000, Brasil;-23.474202585162004,-46.64591187402188;Adriano Terto dos Santos
16315;15425;Regularizado;17/11/2025 15:11:03;17/11/2025 15:10:56;17/11/2025 18:25:23;Vicente Malanga;Santana/Tucuruvi;Santana/Tucuruvi;;Tarde;Coleta e transporte de entulho e grandes objetos depositados irregularmente nas vias, logradouros  e áreas públicas;24;Av. Adolfo Coelho, 569 - Lauzane Paulista, São Paulo - SP, 02443-000, Brasil;-23.4722038,-46.6464129;Adriano Terto dos Santos
16366;15470;Respondido;17/11/2025 23:14:33;17/11/2025 23:13:36;18/11/2025 03:00:22;SELIMP - Claudio Rogério Ulhoa Cintra ;Santana/Tucuruvi;Santana/Tucuruvi;0;Noite;Coleta e transporte de entulho e grandes objetos depositados irregularmente nas vias, logradouros  e áreas públicas;24;Av. Nova Cantareira, 1590 - Tucuruvi, São Paulo - SP, 02330-002, Brasil;-23.481651668879508,-46.61247967314577;Valdir Ribeiro Nunes
16368;15472;Respondido;18/11/2025 00:18:29;18/11/2025 00:17:47;18/11/2025 02:54:04;SELIMP - Claudio Rogério Ulhoa Cintra ;Santana/Tucuruvi;Santana/Tucuruvi;P;Noite;Varrição manual de vias e logradouros públicos;6;R. Casa Forte, 179 - Santana, São Paulo - SP, 02336-040, Brasil;-23.482272365805763,-46.615195297213546;Valdir Ribeiro Nunes
16369;15473;Respondido;18/11/2025 00:18:44;18/11/2025 00:18:32;18/11/2025 03:03:19;SELIMP - Claudio Rogério Ulhoa Cintra ;Santana/Tucuruvi;Santana/Tucuruvi;0;Noite;Coleta e transporte de entulho e grandes objetos depositados irregularmente nas vias, logradouros  e áreas públicas;24;Rua Padre Lourenço Cravero, 52 - Tucuruvi, São Paulo - SP, 02303-030, Brasil;-23.48181487061043,-46.61225877621059;Valdir Ribeiro Nunes
16371;15483;Regularizado;18/11/2025 06:25:18;18/11/2025 06:25:13;18/11/2025 09:26:44;Sérgio Roberto da Silva;Vila Maria/Vila Guilherme;Vila Maria/Vila Guilherme;00;Manhã;Coleta e transporte de entulho e grandes objetos depositados irregularmente nas vias, logradouros  e áreas públicas;24;Av. Dr. Benedito Estevam dos Santos, 1081 - Vila Maria Alta, São Paulo - SP, 02136-000, Brasil;-23.4974301,-46.5824376;Jeferson Alexandre Anacleto
16372;15484;Regularizado;18/11/2025 06:27:02;18/11/2025 06:26:58;18/11/2025 09:18:18;Sérgio Roberto da Silva;Vila Maria/Vila Guilherme;Vila Maria/Vila Guilherme;00;Manhã;Coleta e transporte de entulho e grandes objetos depositados irregularmente nas vias, logradouros  e áreas públicas;24;Av. Dr. Benedito Estevam dos Santos, 1032 - Vila Maria Alta, São Paulo - SP, 02136-000, Brasil;-23.4975301,-46.5829332;Jeferson Alexandre Anacleto
16373;15485;Regularizado;18/11/2025 06:30:27;18/11/2025 06:30:23;18/11/2025 09:09:02;Sérgio Roberto da Silva;Vila Maria/Vila Guilherme;Vila Maria/Vila Guilherme;00;Manhã;Coleta e transporte de entulho e grandes objetos depositados irregularmente nas vias, logradouros  e áreas públicas;24;Av. Dr. Benedito Estevam dos Santos, 833 - Vila Maria Alta, São Paulo - SP, 02136-000, Brasil;-23.498565823731603,-46.58266059295225;Jeferson Alexandre Anacleto
16377;15489;Regularizado;18/11/2025 06:49:04;18/11/2025 06:49:00;18/11/2025 09:38:04;Sérgio Roberto da Silva;Vila Maria/Vila Guilherme;Vila Maria/Vila Guilherme;00;Manhã;Coleta e transporte de entulho e grandes objetos depositados irregularmente nas vias, logradouros  e áreas públicas;24;R. Dona Albertina Domingos, 298 - Vila Maria Alta, São Paulo - SP, 02129-100, Brasil;-23.50330585017087,-46.587951969086284;Jeferson Alexandre Anacleto
16378;15490;Regularizado;18/11/2025 07:25:32;18/11/2025 07:25:25;18/11/2025 09:34:00;Sérgio Roberto da Silva;Vila Maria/Vila Guilherme;Vila Maria/Vila Guilherme;00;Manhã;Coleta e transporte de entulho e grandes objetos depositados irregularmente nas vias, logradouros  e áreas públicas;24;R. Osaka, 204 - Jardim Japao, São Paulo - SP, 02124-040, Brasil;-23.5072774,-46.5796405;Jeferson Alexandre Anacleto
16434;15522;Regularizado;18/11/2025 08:37:52;18/11/2025 08:37:46;18/11/2025 12:03:16;Sérgio Roberto da Silva;Vila Maria/Vila Guilherme;Vila Maria/Vila Guilherme;00;Manhã;Coleta e transporte de entulho e grandes objetos depositados irregularmente nas vias, logradouros  e áreas públicas;24;R. Itamonte, 1387 - Vila Medeiros, São Paulo - SP, 02220-000, Brasil;-23.4867898,-46.5749072;Victor Luiz Barbosa da Silva
16439;15526;Regularizado;18/11/2025 08:39:56;18/11/2025 08:39:48;18/11/2025 12:01:54;Sérgio Roberto da Silva;Vila Maria/Vila Guilherme;Vila Maria/Vila Guilherme;00;Manhã;Coleta e transporte de entulho e grandes objetos depositados irregularmente nas vias, logradouros  e áreas públicas;24;Av. Maj. Roberto dos Santos, 39 - Cidade Brasil, São Paulo - SP, 02224-010, Brasil;-23.4866969,-46.5744066;Victor Luiz Barbosa da Silva
16446;15530;Regularizado;18/11/2025 08:43:25;18/11/2025 08:43:20;18/11/2025 11:58:54;Sérgio Roberto da Silva;Vila Maria/Vila Guilherme;Vila Maria/Vila Guilherme;00;Manhã;Coleta e transporte de entulho e grandes objetos depositados irregularmente nas vias, logradouros  e áreas públicas;24;R. Itamonte, 1555 - Vila Medeiros, São Paulo - SP, 02220-002, Brasil;-23.486161027749347,-46.573415843564334;Victor Luiz Barbosa da Silva
16453;15537;Regularizado;18/11/2025 08:46:37;18/11/2025 08:46:32;18/11/2025 16:11:58;Sérgio Roberto da Silva;Vila Maria/Vila Guilherme;Vila Maria/Vila Guilherme;00;Manhã;Coleta e transporte de entulho e grandes objetos depositados irregularmente nas vias, logradouros  e áreas públicas;24;Travessa André de Aragão, 6 - Jardim Brasil, São Paulo - SP, 02225-130, Brasil;-23.4850581,-46.5729068;Marcos Aurélio Silva do Prado
16462;15546;Regularizado;18/11/2025 08:50:41;18/11/2025 08:50:34;18/11/2025 10:23:07;Sérgio Roberto da Silva;Vila Maria/Vila Guilherme;Vila Maria/Vila Guilherme;00;Manhã;Coleta e transporte de entulho e grandes objetos depositados irregularmente nas vias, logradouros  e áreas públicas;24;Av. Antenor Navarro, 885 - Vila Brasil, São Paulo - SP, 22240-001, Brasil;-23.482904,-46.5704414;Victor Luiz Barbosa da Silva
16467;15550;Regularizado;18/11/2025 08:54:35;18/11/2025 08:54:30;18/11/2025 10:41:10;Sérgio Roberto da Silva;Vila Maria/Vila Guilherme;Vila Maria/Vila Guilherme;00;Manhã;Coleta e transporte de entulho e grandes objetos depositados irregularmente nas vias, logradouros  e áreas públicas;24;Praça Erotides de Campos, 2182 - Jardim Brasil (Zona Norte), São Paulo - SP, 02227-310, Brasil;-23.4812538,-46.57133;Victor Luiz Barbosa da Silva
16469;15551;Regularizado;18/11/2025 08:56:52;18/11/2025 08:56:46;18/11/2025 11:32:14;Sérgio Roberto da Silva;Vila Maria/Vila Guilherme;Vila Maria/Vila Guilherme;00;Manhã;Coleta e transporte de entulho e grandes objetos depositados irregularmente nas vias, logradouros  e áreas públicas;24;R. Carlos dos Santos, 810 - Jardim Brasil (Zona Norte), São Paulo - SP, 02234-001, Brasil;-23.4797881,-46.572913;Victor Luiz Barbosa da Silva
16479;15559;Regularizado;18/11/2025 09:01:15;18/11/2025 09:01:10;18/11/2025 11:53:58;Sérgio Roberto da Silva;Vila Maria/Vila Guilherme;Vila Maria/Vila Guilherme;00;Manhã;Coleta e transporte de entulho e grandes objetos depositados irregularmente nas vias, logradouros  e áreas públicas;24;R. Ten. Sotomano, 1144 - Jardim Brasil (Zona Norte), São Paulo - SP, 02226-000, Brasil;-23.4801689,-46.5744185;Victor Luiz Barbosa da Silva
16486;15564;Regularizado;18/11/2025 09:05:18;18/11/2025 09:05:12;18/11/2025 11:36:46;Sérgio Roberto da Silva;Vila Maria/Vila Guilherme;Vila Maria/Vila Guilherme;00;Manhã;Coleta e transporte de entulho e grandes objetos depositados irregularmente nas vias, logradouros  e áreas públicas;24;R. Carlos dos Santos, 510 - Parque Edu Chaves, São Paulo - SP, 02234-001, Brasil;-23.480916559690765,-46.575266620029616;Victor Luiz Barbosa da Silva
16489;15565;Regularizado;18/11/2025 09:07:35;18/11/2025 09:07:30;18/11/2025 11:45:33;Sérgio Roberto da Silva;Vila Maria/Vila Guilherme;Vila Maria/Vila Guilherme;00;Manhã;Coleta e transporte de entulho e grandes objetos depositados irregularmente nas vias, logradouros  e áreas públicas;24;R. Carlos dos Santos, 494 - Jardim Brasil (Zona Norte), São Paulo - SP, 02234-000, Brasil;-23.4810448,-46.5756438;Victor Luiz Barbosa da Silva
16495;15570;Regularizado;18/11/2025 09:14:16;18/11/2025 09:14:11;18/11/2025 10:49:26;Sérgio Roberto da Silva;Vila Maria/Vila Guilherme;Vila Maria/Vila Guilherme;00;Manhã;Coleta e transporte de entulho e grandes objetos depositados irregularmente nas vias, logradouros  e áreas públicas;24;R. Benfica, 527 - Vila Medeiros, São Paulo - SP, 02226-010, Brasil;-23.4813818,-46.5727565;Victor Luiz Barbosa da Silva
16497;15572;Regularizado;18/11/2025 09:15:39;18/11/2025 09:15:34;18/11/2025 10:56:13;Sérgio Roberto da Silva;Vila Maria/Vila Guilherme;Vila Maria/Vila Guilherme;00;Manhã;Coleta e transporte de entulho e grandes objetos depositados irregularmente nas vias, logradouros  e áreas públicas;24;R. Benfica, 529 - Vila Medeiros, São Paulo - SP, 02226-010, Brasil;-23.4813196,-46.5727245;Victor Luiz Barbosa da Silva
16503;15577;Regularizado;18/11/2025 09:17:54;18/11/2025 09:17:47;18/11/2025 10:59:43;Sérgio Roberto da Silva;Vila Maria/Vila Guilherme;Vila Maria/Vila Guilherme;00;Manhã;Coleta e transporte de entulho e grandes objetos depositados irregularmente nas vias, logradouros  e áreas públicas;24;R. Benfica, 630 - Vila Medeiros, São Paulo - SP, 02226-010, Brasil;-23.4805255,-46.5731498;Victor Luiz Barbosa da Silva
16508;15580;Regularizado;18/11/2025 09:21:22;18/11/2025 09:21:15;18/11/2025 11:08:06;Sérgio Roberto da Silva;Vila Maria/Vila Guilherme;Vila Maria/Vila Guilherme;00;Manhã;Coleta e transporte de entulho e grandes objetos depositados irregularmente nas vias, logradouros  e áreas públicas;24;R. Benfica, 725 - Vila Medeiros, São Paulo - SP, 02226-010, Brasil;-23.4797725,-46.5736048;Victor Luiz Barbosa da Silva
16510;15581;Regularizado;18/11/2025 09:23:05;18/11/2025 09:22:59;18/11/2025 11:07:55;Sérgio Roberto da Silva;Vila Maria/Vila Guilherme;Vila Maria/Vila Guilherme;00;Manhã;Coleta e transporte de entulho e grandes objetos depositados irregularmente nas vias, logradouros  e áreas públicas;24;R. Benfica, 739 - Vila Medeiros, São Paulo - SP, 02226-010, Brasil;-23.4796635,-46.5736208;Victor Luiz Barbosa da Silva
16516;15588;Regularizado;18/11/2025 09:24:41;18/11/2025 09:24:35;18/11/2025 11:17:24;Sérgio Roberto da Silva;Vila Maria/Vila Guilherme;Vila Maria/Vila Guilherme;00;Manhã;Coleta e transporte de entulho e grandes objetos depositados irregularmente nas vias, logradouros  e áreas públicas;24;Tv. Atílio Cimbro, 321 - Jardim Brasil (Zona Norte), São Paulo - SP, 02226-070, Brasil;-23.4789821,-46.5740131;Victor Luiz Barbosa da Silva
16524;15596;Regularizado;18/11/2025 09:28:36;18/11/2025 09:28:31;18/11/2025 11:17:31;Sérgio Roberto da Silva;Vila Maria/Vila Guilherme;Vila Maria/Vila Guilherme;00;Manhã;Coleta e transporte de entulho e grandes objetos depositados irregularmente nas vias, logradouros  e áreas públicas;24;R. Benfica, 877 - Vila Medeiros, São Paulo - SP, 02226-010, Brasil;-23.4785159,-46.5742858;Victor Luiz Barbosa da Silva
16535;15604;Regularizado;18/11/2025 09:32:45;18/11/2025 09:32:40;18/11/2025 11:30:40;Sérgio Roberto da Silva;Vila Maria/Vila Guilherme;Vila Maria/Vila Guilherme;00;Manhã;Coleta e transporte de entulho e grandes objetos depositados irregularmente nas vias, logradouros  e áreas públicas;24;R. Benfica, 1260 - Vila Medeiros, São Paulo - SP, 02226-010, Brasil;-23.475492889179392,-46.575907575177816;Victor Luiz Barbosa da Silva
16542;15610;Regularizado;18/11/2025 09:36:22;18/11/2025 09:36:17;18/11/2025 11:30:56;Sérgio Roberto da Silva;Vila Maria/Vila Guilherme;Vila Maria/Vila Guilherme;00;Manhã;Coleta e transporte de entulho e grandes objetos depositados irregularmente nas vias, logradouros  e áreas públicas;24;Av. Sanatório, 577 - Jardim Modelo, São Paulo - SP, 02238-000, Brasil;-23.4758791,-46.5782061;Victor Luiz Barbosa da Silva
16549;15615;Regularizado;18/11/2025 09:38:05;18/11/2025 09:38:00;18/11/2025 11:30:48;Sérgio Roberto da Silva;Vila Maria/Vila Guilherme;Vila Maria/Vila Guilherme;00;Manhã;Coleta e transporte de entulho e grandes objetos depositados irregularmente nas vias, logradouros  e áreas públicas;24;Av. Sanatório, 546 - Jardim Modelo, São Paulo - SP, 02238-000, Brasil;-23.4760667,-46.5783999;Victor Luiz Barbosa da Silva
16858;15846;Respondido;19/11/2025 00:12:38;19/11/2025 00:12:32;19/11/2025 05:43:10;SELIMP - Claudio Rogério Ulhoa Cintra ;Santana/Tucuruvi;Santana/Tucuruvi;0;Noite;Varrição manual de vias e logradouros públicos;6;Av. Nova Cantareira, 1502 - Água Fria, São Paulo - SP, 02330-001, Brasil;-23.482210205409775,-46.61302332923264;Matheus Norberto Portela
16859;15848;Autuado;19/11/2025 00:12:48;19/11/2025 00:12:42;;SELIMP - Claudio Rogério Ulhoa Cintra ;Santana/Tucuruvi;Santana/Tucuruvi;0;Noite;Varrição manual de vias e logradouros públicos;3;R. Domingos Calheiros, 1810 - Tucuruvi, São Paulo - SP, 02303-100, Brasil;-23.48053366718255,-46.611163504657014;
16859;15851;Respondido;19/11/2025 04:00:02;19/11/2025 00:12:42;19/11/2025 05:49:03;SELIMP - Claudio Rogério Ulhoa Cintra ;Santana/Tucuruvi;Santana/Tucuruvi;0;Noite;Varrição manual de vias e logradouros públicos;3;R. Domingos Calheiros, 1810 - Tucuruvi, São Paulo - SP, 02303-100, Brasil;-23.48053366718255,-46.611163504657014;Matheus Norberto Portela
1221;16061;Respondido;19/11/2025 12:00:03;19/11/2025 11:12:25;19/11/2025 12:52:40;SELIMP - Claudio Rogério Ulhoa Cintra ;Santana/Tucuruvi;Santana/Tucuruvi;0;Tarde;Varrição manual de vias e logradouros públicos;3;Av. Nova Cantareira, 1502 - Água Fria, São Paulo - SP, 02330-001, Brasil;-23.482226239804028,-46.61302105018952;Maiarde de Freitas Nogueira
1296;16062;Respondido;19/11/2025 12:00:03;19/11/2025 11:12:25;19/11/2025 12:17:00;SELIMP - Claudio Rogério Ulhoa Cintra ;Santana/Tucuruvi;Santana/Tucuruvi;0;Manhã;Varrição manual de vias e logradouros públicos;3;R. Adolfo Samuel, 62 - Parque Mandaqui, São Paulo - SP, 02418-100, Brasil;-23.4700993,-46.6276921;Matheus Norberto Portela
2133;16088;Respondido;19/11/2025 12:00:05;19/11/2025 11:12:25;19/11/2025 12:27:31;SELIMP - Claudio Rogério Ulhoa Cintra ;Santana/Tucuruvi;Santana/Tucuruvi;0;Noite;Varrição manual de vias e logradouros públicos;3;Av. Nova Cantareira, 1502 - Água Fria, São Paulo - SP, 02330-001, Brasil;-23.482273071316097,-46.61303227089657;Matheus Norberto Portela
2897;16117;Respondido;19/11/2025 12:00:07;19/11/2025 11:12:25;19/11/2025 13:26:44;SELIMP - Adilson de Oliveira;Santana/Tucuruvi;Santana/Tucuruvi;0;Manhã;Limpeza e desobstrução de bueiros, bocas de lobo e bocas de leão;6;R. Dona Elfrida, 715 - Chora Menino, São Paulo - SP, 02462-001, Brasil;-23.4915156,-46.6406541;Jedemilson Novaes dos Santos
2905;16118;Respondido;19/11/2025 12:00:07;19/11/2025 11:12:25;19/11/2025 13:13:22;SELIMP - Adilson de Oliveira;Santana/Tucuruvi;Santana/Tucuruvi;0;Manhã;Limpeza e desobstrução de bueiros, bocas de lobo e bocas de leão;6;R. Dona Elfrida, 715 - Chora Menino, São Paulo - SP, 02462-001, Brasil;-23.4915264,-46.6406496;Jedemilson Novaes dos Santos
2982;16119;Respondido;19/11/2025 12:00:07;19/11/2025 11:12:25;19/11/2025 12:13:48;SELIMP - Adilson de Oliveira;Santana/Tucuruvi;Santana/Tucuruvi;0;Tarde;Coleta e transporte de entulho e grandes objetos depositados irregularmente nas vias, logradouros  e áreas públicas;24;R. Dr. Luís Lustosa da Silva, 205 - Santana, São Paulo - SP, 02406-040, Brasil;-23.4871696,-46.6283075;Maiarde de Freitas Nogueira
2983;16120;Notificado;19/11/2025 12:00:07;19/11/2025 11:12:25;;SELIMP - Adilson de Oliveira;Santana/Tucuruvi;Santana/Tucuruvi;0;Tarde;Coleta e transporte de entulho e grandes objetos depositados irregularmente nas vias, logradouros  e áreas públicas;24;R. Mariquinha Viana, 1087 - Vila Aurora (Zona Norte), São Paulo - SP, 02408-131, Brasil;-23.4829083,-46.6308567;
2985;16121;Notificado;19/11/2025 12:00:07;19/11/2025 11:12:25;;SELIMP - Adilson de Oliveira;Santana/Tucuruvi;Santana/Tucuruvi;0;Tarde;Coleta e transporte de entulho e grandes objetos depositados irregularmente nas vias, logradouros  e áreas públicas;24;R. Mariquinha Viana, 388 - Mandaqui, São Paulo - SP, 02408-130, Brasil;-23.4803633,-46.6252483;